,dates,prices,sentiment
0,2014-09-17,457.334015,0.0118876341844253
1,2014-09-18,424.440002,0.0105007360032485
2,2014-09-19,394.79599,0.0040123431364982
3,2014-09-20,408.903992,0.0113049643744992
4,2014-09-21,398.821014,0.0035702673932914
5,2014-09-22,402.152008,0.0169357811149846
6,2014-09-23,435.790985,0.010751868032974
7,2014-09-24,423.204987,0.0204477217745102
8,2014-09-25,411.574005,0.0255161498236475
9,2014-09-26,404.424988,0.0229148602146356
10,2014-09-27,399.519989,0.0216466159724586
11,2014-09-28,377.181,0.0274557250132907
12,2014-09-29,375.46701,0.0196184229468077
13,2014-09-30,386.944,0.0193935520615174
14,2014-10-01,383.61499,0.0204550159636892
15,2014-10-02,375.071991,0.0204885580612324
16,2014-10-03,359.511993,0.0158201368468124
17,2014-10-04,328.865997,0.0098163004515913
18,2014-10-05,320.51001,0.0214874331013571
19,2014-10-06,330.07901,0.0237217446673034
20,2014-10-07,336.187012,0.0254586397159846
21,2014-10-08,352.940002,0.0236981380391854
22,2014-10-09,365.026001,0.0229791697713564
23,2014-10-10,361.562012,0.0315893152431613
24,2014-10-11,362.299011,0.0262503658227856
25,2014-10-12,378.549011,0.0297751376447752
26,2014-10-13,390.414001,0.0455785964277273
27,2014-10-14,400.869995,0.0216799136161985
28,2014-10-15,394.77301,0.0277610272197052
29,2014-10-16,382.556,0.0304623643119018
30,2014-10-17,383.757996,0.0183279708485784
31,2014-10-18,391.441986,0.0222766257132452
32,2014-10-19,389.54599,0.0209544889190411
33,2014-10-20,382.845001,0.0209179323976191
34,2014-10-21,386.475006,0.0176113917934029
35,2014-10-22,383.15799,0.0210725160391456
36,2014-10-23,358.416992,0.0203169798262729
37,2014-10-24,358.345001,0.0235476672239977
38,2014-10-25,347.270996,0.020542723571031
39,2014-10-26,354.70401,0.026204992576095
40,2014-10-27,352.989014,0.0154060761505575
41,2014-10-28,357.618011,0.0228279838908149
42,2014-10-29,335.591003,0.0217354223897192
43,2014-10-30,345.304993,0.0235637043877874
44,2014-10-31,338.321014,0.0175351181869578
45,2014-11-01,325.748993,0.0213505373114403
46,2014-11-02,325.891998,0.0212774016763378
47,2014-11-03,327.553986,0.0298827762317334
48,2014-11-04,330.492004,0.0277110617897727
49,2014-11-05,339.485992,0.0256286598446196
50,2014-11-06,349.290009,0.0260193217329545
51,2014-11-07,342.415009,0.0214975465835886
52,2014-11-08,345.488007,0.0224122392791674
53,2014-11-09,363.264008,0.0182656259722481
54,2014-11-10,366.924011,0.0307629009731751
55,2014-11-11,367.695007,0.0784052514560146
56,2014-11-12,423.561005,0.0656196309107828
57,2014-11-13,420.734985,0.0498438023005982
58,2014-11-14,397.817993,0.0647507763556734
59,2014-11-15,376.132996,0.0535889151904064
60,2014-11-16,387.881989,0.0476279610146797
61,2014-11-17,387.40799,0.0341860845620014
62,2014-11-18,375.197998,0.0826338857845603
63,2014-11-19,380.554993,0.0455636760293742
64,2014-11-20,357.839996,0.0492324392290381
65,2014-11-21,350.847992,0.0456504127750884
66,2014-11-22,352.920013,0.0414913686088238
67,2014-11-23,367.572998,0.0276832979033804
68,2014-11-24,376.901001,0.036023456787819
69,2014-11-25,375.347992,0.0860523886798981
70,2014-11-26,368.369995,0.0477445040148844
71,2014-11-27,369.670013,0.0652275017192009
72,2014-11-28,376.446991,0.0467898565299007
73,2014-11-29,375.490997,0.0291128547260228
74,2014-11-30,378.046997,0.029374247917713
75,2014-12-01,379.244995,0.0490933156144508
76,2014-12-02,381.315002,0.0986955956510851
77,2014-12-03,375.01001,0.0610287774318872
78,2014-12-04,369.604004,0.0545708487796029
79,2014-12-05,376.854004,0.0456820042550657
80,2014-12-06,374.785004,0.0371013877088643
81,2014-12-07,375.095001,0.0633460398765796
82,2014-12-08,361.908997,0.036527171427283
83,2014-12-09,352.218994,0.052019733778818
84,2014-12-10,346.36499,0.0413079902280604
85,2014-12-11,350.506012,0.0471883185684311
86,2014-12-12,352.541992,0.0405657929441224
87,2014-12-13,347.376007,0.0433961565902363
88,2014-12-14,351.631989,0.0477543298759874
89,2014-12-15,345.345001,0.0685771134296415
90,2014-12-16,327.062012,0.0538479965131675
91,2014-12-17,319.776001,0.0320447750646245
92,2014-12-18,311.395996,0.0443215896603846
93,2014-12-19,317.842987,0.0387737902428252
94,2014-12-20,329.955994,0.0448617396512711
95,2014-12-21,320.842987,0.0378974928001249
96,2014-12-22,331.885986,0.0407042192950185
97,2014-12-23,334.571991,0.0466997067150012
98,2014-12-24,322.533997,0.039074372065645
99,2014-12-25,319.007996,0.0344412380382775
100,2014-12-26,327.924011,0.0515344614890822
101,2014-12-27,315.863007,0.080912440147691
102,2014-12-28,317.239014,0.0284090909090908
103,2014-12-29,312.670013,0.0256429392939293
104,2014-12-30,310.737,0.0311766398158803
105,2014-12-31,320.192993,0.0257170761136165
106,2015-01-01,314.248993,0.0279191269938901
107,2015-01-02,315.032013,0.0230681826872802
108,2015-01-03,281.082001,0.0307141045154743
109,2015-01-04,264.195007,0.0258884359085491
110,2015-01-05,274.473999,0.0324875444820967
111,2015-01-06,286.188995,0.0384124055383607
112,2015-01-07,294.337006,0.0565194435360802
113,2015-01-08,283.348999,0.0321809131780229
114,2015-01-09,290.40799,0.015188246097337
115,2015-01-10,274.79599,0.0194487093902981
116,2015-01-11,265.660004,0.0135892563508842
117,2015-01-12,267.79599,0.0053291446892129
118,2015-01-13,225.860992,0.0154401901177378
119,2015-01-14,178.102997,0.0117825338036449
120,2015-01-15,209.843994,0.0087583844726701
121,2015-01-16,208.097,0.0138654603823143
122,2015-01-17,199.259995,0.0093958022851465
123,2015-01-18,210.339005,0.0118559459955072
124,2015-01-19,214.860992,0.0054912377633275
125,2015-01-20,211.315002,0.0136543984622342
126,2015-01-21,226.897003,0.0088916749656186
127,2015-01-22,233.406006,0.016212314471243
128,2015-01-23,232.878998,0.0136196393762183
129,2015-01-24,247.847,0.011785571884256
130,2015-01-25,253.718002,0.0169277990662438
131,2015-01-26,273.472992,0.0137858327803583
132,2015-01-27,263.475006,0.0038068181818181
133,2015-01-28,233.914993,0.0067190882034632
134,2015-01-29,233.513,0.0090130911626727
135,2015-01-30,226.425003,0.0078121439963545
136,2015-01-31,217.464005,0.0066433791224293
137,2015-02-01,226.972,0.0084061594702717
138,2015-02-02,238.229004,0.0090698713756267
139,2015-02-03,227.268005,0.002941861184587
140,2015-02-04,226.852997,0.012319035839444
141,2015-02-05,217.110992,0.0099827120230707
142,2015-02-06,222.266006,-0.0015319640252795
143,2015-02-07,227.753998,0.0047782356781459
144,2015-02-08,223.412003,0.0016098134767265
145,2015-02-09,220.110001,0.0053464306070105
146,2015-02-10,219.839005,0.025075352044753
147,2015-02-11,219.184998,0.0164105553554034
148,2015-02-12,221.764008,0.0199166707594584
149,2015-02-13,235.427002,0.0084964588412864
150,2015-02-14,257.321014,0.0067000745199108
151,2015-02-15,234.824997,0.0042980290896957
152,2015-02-16,233.843002,0.0134046877116921
153,2015-02-17,243.610001,0.0027870195961798
154,2015-02-18,236.326004,0.0066257028795549
155,2015-02-19,240.283005,0.0058899102489866
156,2015-02-20,243.779007,0.0047927843023536
157,2015-02-21,244.533997,0.001472196188691
158,2015-02-22,235.977005,0.0036954206602768
159,2015-02-23,238.891998,0.0022471610515088
160,2015-02-24,238.735001,0.0091595747020275
161,2015-02-25,237.470001,0.0059806940371456
162,2015-02-26,236.425995,0.0011204004329004
163,2015-02-27,253.828003,0.0029154019325137
164,2015-02-28,254.263,-0.0075833586703151
165,2015-03-01,260.201996,0.0064135623991393
166,2015-03-02,275.670013,0.01302237358525
167,2015-03-03,281.701996,0.0084045174758953
168,2015-03-04,273.09201,0.012945371685606
169,2015-03-05,276.178009,0.0077408051809965
170,2015-03-06,272.722992,0.0080941759168188
171,2015-03-07,276.260986,0.0271003461848532
172,2015-03-08,274.354004,0.0207133933892632
173,2015-03-09,289.606995,0.0193645536078271
174,2015-03-10,291.76001,0.0089037922077922
175,2015-03-11,296.378998,0.0079513596072037
176,2015-03-12,294.354004,0.0151091282930905
177,2015-03-13,285.337006,0.0178442425732248
178,2015-03-14,281.88501,0.0035038306796781
179,2015-03-15,286.393005,-0.003922279770494
180,2015-03-16,290.592987,0.0006673094582185
181,2015-03-17,285.505005,0.0045873205741626
182,2015-03-18,256.299011,0.0067534400123685
183,2015-03-19,260.928009,0.0157918306936433
184,2015-03-20,261.748993,0.0065493377167905
185,2015-03-21,260.024994,0.0053046502763483
186,2015-03-22,267.959991,0.0025215668930358
187,2015-03-23,266.73999,0.0150464301199595
188,2015-03-24,245.595001,-0.0008192173182502
189,2015-03-25,246.197006,0.0254293557181215
190,2015-03-26,248.531998,0.0286046713553876
191,2015-03-27,247.029007,0.0232548330099778
192,2015-03-28,252.798004,0.0211842255385176
193,2015-03-29,242.712997,0.0233837010557361
194,2015-03-30,247.526001,0.0249767536884883
195,2015-03-31,244.223999,0.0253359897678079
196,2015-04-01,247.272003,0.0221393856598774
197,2015-04-02,253.005005,0.0242968176575442
198,2015-04-03,254.322006,0.0266840737471805
199,2015-04-04,253.697006,0.0257995079845317
200,2015-04-05,260.597992,0.0250883648515227
201,2015-04-06,255.492004,0.0217095284448636
202,2015-04-07,253.179993,0.0226908940894089
203,2015-04-08,245.022003,0.0024834750901541
204,2015-04-09,243.675995,-0.0046504344757619
205,2015-04-10,236.072006,0.0036839497121755
206,2015-04-11,236.552002,0.0062810959007462
207,2015-04-12,236.153,0.0074091328272666
208,2015-04-13,224.587006,0.0097589847870116
209,2015-04-14,219.158997,0.0125876766968642
210,2015-04-15,223.832993,0.0220173564252511
211,2015-04-16,228.572998,0.0139753184978212
212,2015-04-17,222.882004,0.0237391774891774
213,2015-04-18,223.356003,0.0220424952651515
214,2015-04-19,222.600006,0.0236825431638459
215,2015-04-20,224.626007,0.0193005538476552
216,2015-04-21,235.268997,0.0219795880025639
217,2015-04-22,234.175995,0.0180023946360153
218,2015-04-23,236.462006,0.0173097965027098
219,2015-04-24,231.268005,0.0216673351158645
220,2015-04-25,226.389999,0.0210824150596877
221,2015-04-26,219.429993,0.0165421733256128
222,2015-04-27,229.285995,0.0095530653455631
223,2015-04-28,225.854996,0.0127214389888186
224,2015-04-29,225.807999,0.0078332263585793
225,2015-04-30,236.145004,0.0153667278162793
226,2015-05-01,232.078995,0.0193718986986237
227,2015-05-02,234.929993,0.0129689647216955
228,2015-05-03,240.358002,0.0212389473809226
229,2015-05-04,239.018005,0.0366265878481787
230,2015-05-05,236.121002,0.0221604629651939
231,2015-05-06,229.781998,0.0164506863251941
232,2015-05-07,237.334,0.0219595046854082
233,2015-05-08,243.863007,0.0201720785756111
234,2015-05-09,241.832001,0.0227345544166246
235,2015-05-10,240.296005,0.0261973829201101
236,2015-05-11,242.158005,0.0208154042883424
237,2015-05-12,241.112,0.0157175275087646
238,2015-05-13,236.376999,0.0234516332281558
239,2015-05-14,236.929001,-0.0012187302714646
240,2015-05-15,237.604996,-0.0022034832451499
241,2015-05-16,236.153,0.007003975707488
242,2015-05-17,236.802002,0.0103797057453972
243,2015-05-18,233.128006,0.0116478626420146
244,2015-05-19,231.947006,0.0073976593287131
245,2015-05-20,234.018005,0.0092220669259439
246,2015-05-21,235.343994,0.0260258325954348
247,2015-05-22,240.348007,0.0342444836716681
248,2015-05-23,238.871994,0.0256152394249663
249,2015-05-24,240.953003,0.0260117967332123
250,2015-05-25,237.110001,0.0263136056561661
251,2015-05-26,237.115997,0.0119862649870997
252,2015-05-27,237.283005,0.008026356545753
253,2015-05-28,237.408005,0.011134537616019
254,2015-05-29,237.095993,0.007464469070874
255,2015-05-30,233.345001,0.0068707948677828
256,2015-05-31,230.190002,0.0048624924458257
257,2015-06-01,222.925995,0.0091559583173507
258,2015-06-02,225.802994,-0.0042953439929246
259,2015-06-03,225.873993,-0.0031782431052093
260,2015-06-04,224.324005,0.00519881698761
261,2015-06-05,224.951996,0.0074228772896805
262,2015-06-06,225.619003,0.0003822349259465
263,2015-06-07,222.880997,-0.0094779571415085
264,2015-06-08,228.488998,0.0093047870004391
265,2015-06-09,229.048004,-0.0045840997837802
266,2015-06-10,228.802994,-0.0056151834276834
267,2015-06-11,229.705002,0.0021871637335554
268,2015-06-12,229.981995,-0.0055473305611318
269,2015-06-13,232.401993,-0.0054354717386632
270,2015-06-14,233.542999,0.0125023917589996
271,2015-06-15,236.822998,0.0148131712155414
272,2015-06-16,250.895004,-0.0057193158329521
273,2015-06-17,249.283997,0.0065897681635633
274,2015-06-18,249.007004,0.0324057855626326
275,2015-06-19,244.606003,0.018901277056277
276,2015-06-20,245.212006,0.0026436632843238
277,2015-06-21,243.944,0.0036098130841121
278,2015-06-22,246.990005,-0.0011180137955429
279,2015-06-23,244.296005,-0.0096070843570843
280,2015-06-24,240.514999,-0.0020285037878787
281,2015-06-25,242.798996,8.247751982835324e-05
282,2015-06-26,243.593994,0.0206435309973045
283,2015-06-27,250.990005,0.0162294657097288
284,2015-06-28,249.011002,0.0184374203197018
285,2015-06-29,257.063995,0.0064180813044449
286,2015-06-30,263.071991,0.0091300940438871
287,2015-07-01,258.621002,0.0067124368686868
288,2015-07-02,255.412003,-0.0017787580445808
289,2015-07-03,256.335999,0.0020721925133689
290,2015-07-04,260.885986,-0.0014401023955263
291,2015-07-05,271.912994,-0.0005027777777777
292,2015-07-06,269.029999,-0.0049002504519745
293,2015-07-07,266.207001,0.0025580684596576
294,2015-07-08,270.785004,0.0037046145534951
295,2015-07-09,269.227997,0.0032164433937483
296,2015-07-10,284.894012,-0.0445010753723677
297,2015-07-11,293.11499,0.0063939103680482
298,2015-07-12,310.867004,0.003903082935788
299,2015-07-13,292.053986,0.0082153132794942
300,2015-07-14,287.463989,0.0077605601469237
301,2015-07-15,285.82901,0.0046380056724884
302,2015-07-16,278.088989,0.0039741679085941
303,2015-07-17,279.471985,-0.0011219590268886
304,2015-07-18,274.901001,0.0132477780110574
305,2015-07-19,273.614014,0.0035546350201522
306,2015-07-20,278.980988,0.0036234021632251
307,2015-07-21,275.833008,-0.0032152623798965
308,2015-07-22,277.221985,0.0138792688792688
309,2015-07-23,276.049011,0.0311246531782245
310,2015-07-24,288.278015,0.0108765175226442
311,2015-07-25,288.696991,0.0104518482951581
312,2015-07-26,292.686005,0.0135830132309005
313,2015-07-27,293.623993,-0.0052839499909812
314,2015-07-28,294.427002,0.0051089048378522
315,2015-07-29,289.589996,0.0117210667082132
316,2015-07-30,287.721985,-0.0008112919316623
317,2015-07-31,284.649994,0.0125146356033452
318,2015-08-01,281.601013,0.0017414047305351
319,2015-08-02,282.614014,0.0059159390515322
320,2015-08-03,281.22699,0.0096458718641817
321,2015-08-04,285.217987,0.0032903411188294
322,2015-08-05,281.881989,0.0076675849403122
323,2015-08-06,278.576996,0.0032379377794336
324,2015-08-07,279.584991,0.0111771230427946
325,2015-08-08,260.997009,-0.0046754866627439
326,2015-08-09,265.083008,0.0037537265862508
327,2015-08-10,264.470001,-0.0035847964239551
328,2015-08-11,270.385986,-0.0102745681605975
329,2015-08-12,266.376007,-0.0011471221086605
330,2015-08-13,264.079987,-4.50403810312741e-05
331,2015-08-14,265.679993,0.0227560531788472
332,2015-08-15,261.550995,0.0024790518824609
333,2015-08-16,258.506989,0.0131880816034359
334,2015-08-17,257.976013,0.0010996432212028
335,2015-08-18,211.078995,-0.0085539606592238
336,2015-08-19,226.684006,0.0066940709344246
337,2015-08-20,235.350006,-0.017233942803563
338,2015-08-21,232.569,0.0088588794926004
339,2015-08-22,230.389999,-0.0150073935965025
340,2015-08-23,228.169006,-0.0123554384423949
341,2015-08-24,210.494995,-0.0031705659536541
342,2015-08-25,221.608994,0.0052746934402778
343,2015-08-26,225.830994,-0.004277786167321
344,2015-08-27,224.768997,0.0027518007948335
345,2015-08-28,231.395996,-0.0314215798218091
346,2015-08-29,229.779999,0.0042677357689039
347,2015-08-30,228.761002,-0.0159646464646464
348,2015-08-31,230.056,0.0064137251637251
349,2015-09-01,228.121002,-0.0106475716064757
350,2015-09-02,229.283997,0.0193270365997638
351,2015-09-03,227.182999,0.0173889273445111
352,2015-09-04,230.298004,0.0029906826889585
353,2015-09-05,235.018997,-0.0141166207529843
354,2015-09-06,239.839996,-0.0056128962034134
355,2015-09-07,239.847,0.0010179763739085
356,2015-09-08,243.606995,-0.0055974943784131
357,2015-09-09,238.167999,-0.0012029505582137
358,2015-09-10,238.477005,-0.0135555439184471
359,2015-09-11,240.106995,-0.0085806857117429
360,2015-09-12,235.229004,-0.001030817887614
361,2015-09-13,230.511993,0.0201127594408226
362,2015-09-14,230.643997,-0.001932379349046
363,2015-09-15,230.304001,0.0035244633838383
364,2015-09-16,229.091003,0.024055204055204
365,2015-09-17,229.809998,0.0156800763909542
366,2015-09-18,232.975006,0.0237533450173375
367,2015-09-19,231.492996,-0.008930334186016
368,2015-09-20,231.212006,-0.0098603810210953
369,2015-09-21,227.085007,0.0116373864088917
370,2015-09-22,230.617996,-0.0062609838219594
371,2015-09-23,230.283005,0.013825081803955
372,2015-09-24,234.529007,0.0070291826717883
373,2015-09-25,235.143997,0.0016263264413083
374,2015-09-26,234.339996,-0.0032823472823472
375,2015-09-27,232.757004,-0.0053146698980032
376,2015-09-28,239.141998,-0.0240021685784397
377,2015-09-29,236.686996,-0.0134910011128231
378,2015-09-30,236.059998,-0.0178831281565656
379,2015-10-01,237.548996,-0.0032532091750841
380,2015-10-02,237.292999,-0.0005851619644723
381,2015-10-03,238.729996,-0.0044624584608297
382,2015-10-04,238.259003,-0.0149598010014676
383,2015-10-05,240.382996,-0.0004651445649152
384,2015-10-06,246.063004,-0.0040013877513877
385,2015-10-07,242.968994,-0.0216170487072126
386,2015-10-08,242.304001,-0.0165449522102747
387,2015-10-09,243.931,0.0013614963191234
388,2015-10-10,244.940994,0.0102820597277118
389,2015-10-11,247.050003,-0.0094750198059021
390,2015-10-12,245.307999,-0.0128411928183977
391,2015-10-13,249.507996,-0.0176174129689754
392,2015-10-14,251.988998,0.0005890039300177
393,2015-10-15,254.320007,-0.0050863662397167
394,2015-10-16,262.868988,0.010638793086507
395,2015-10-17,270.640015,0.0035410328181412
396,2015-10-18,261.643005,0.0166355252126003
397,2015-10-19,263.437012,-0.0049866912366912
398,2015-10-20,269.463013,-0.0061280717624001
399,2015-10-21,266.272003,0.0032319449173381
400,2015-10-22,274.02301,-0.0123055974283652
401,2015-10-23,276.496002,-0.0036661435067809
402,2015-10-24,281.653992,-0.0307606085363438
403,2015-10-25,283.679993,0.0043242228317659
404,2015-10-26,285.299988,0.0099612278444825
405,2015-10-27,293.787994,-0.0109992925362575
406,2015-10-28,304.618011,-0.0115341276133427
407,2015-10-29,313.855011,-0.012143650582067
408,2015-10-30,328.015015,-0.0118271304312971
409,2015-10-31,314.165985,-0.014099752032965
410,2015-11-01,325.431,-0.0180833272015991
411,2015-11-02,361.188995,-0.005440970033203
412,2015-11-03,403.416992,-0.0001209574231801
413,2015-11-04,411.562988,0.0060665173946423
414,2015-11-05,386.354004,0.0197435453353594
415,2015-11-06,374.470001,0.0084607784583322
416,2015-11-07,386.481995,-0.0077946933449325
417,2015-11-08,373.368011,0.0002221878316236
418,2015-11-09,380.256989,-0.0052572752476783
419,2015-11-10,336.819,-0.0025990256624971
420,2015-11-11,311.084015,0.0002494137806637
421,2015-11-12,338.152008,0.0155344250748371
422,2015-11-13,336.752991,0.0063835793835793
423,2015-11-14,332.906006,0.0080298049101651
424,2015-11-15,320.165985,-0.0166929101137961
425,2015-11-16,330.751007,-0.0043610913825757
426,2015-11-17,335.093994,-0.0068348065263301
427,2015-11-18,334.589996,-0.0108079407108533
428,2015-11-19,326.148987,-0.0147938091320444
429,2015-11-20,322.022003,0.0103761988383087
430,2015-11-21,326.927002,-0.0040239838103762
431,2015-11-22,324.536011,-0.0103742115477923
432,2015-11-23,323.04599,-0.0153965285769083
433,2015-11-24,320.04599,-0.0015606320494828
434,2015-11-25,328.205994,0.005887980119668
435,2015-11-26,352.68399,-0.0008529518290474
436,2015-11-27,358.041992,-0.0009505073514185
437,2015-11-28,357.381012,-0.0146680901152445
438,2015-11-29,371.294006,0.0013452998452998
439,2015-11-30,377.321014,0.0113285659488191
440,2015-12-01,362.488007,0.0090708798078504
441,2015-12-02,359.187012,-0.0129773106545722
442,2015-12-03,361.04599,-0.0059926698272364
443,2015-12-04,363.183014,-0.0143781796062817
444,2015-12-05,388.949005,0.0054705834945196
445,2015-12-06,388.78299,-0.0044415063456212
446,2015-12-07,395.536011,-0.0186476544289044
447,2015-12-08,415.562988,0.0022326418007046
448,2015-12-09,417.562988,0.0126732696573364
449,2015-12-10,415.479004,0.0204188161778644
450,2015-12-11,451.937988,0.0209364181723336
451,2015-12-12,434.997009,0.021362328463922
452,2015-12-13,433.755005,0.0190896894918633
453,2015-12-14,444.182007,0.0222734950097096
454,2015-12-15,465.321014,0.020192844718911
455,2015-12-16,454.93399,0.032605372820326
456,2015-12-17,456.078003,0.0177442630589253
457,2015-12-18,463.615997,0.0208992396492396
458,2015-12-19,462.321991,0.0289856678486997
459,2015-12-20,442.684998,0.0241413888888888
460,2015-12-21,438.639008,0.022613655581692
461,2015-12-22,436.571991,0.0326228571200968
462,2015-12-23,442.401001,0.0277778223935467
463,2015-12-24,454.984985,0.0255534420685935
464,2015-12-25,455.653015,0.026404129399724
465,2015-12-26,417.273987,0.0204532109715036
466,2015-12-27,422.822998,0.017366655977767
467,2015-12-28,422.278992,0.0213164811379096
468,2015-12-29,432.983002,0.0176152934480323
469,2015-12-30,426.619995,0.0205428558844256
470,2015-12-31,430.566986,0.0207560056523786
471,2016-01-01,434.334015,0.0230479978354978
472,2016-01-02,433.437988,0.0204723413741678
473,2016-01-03,430.010986,0.0275699581712239
474,2016-01-04,433.091003,0.0210735209235209
475,2016-01-05,431.959991,0.0223717888764184
476,2016-01-06,429.105011,0.0240752635046113
477,2016-01-07,458.048004,0.0145452779169396
478,2016-01-08,453.230011,0.0238905946394933
479,2016-01-09,447.610992,0.027028459261489
480,2016-01-10,447.990997,0.0329386757483087
481,2016-01-11,448.428009,0.0251250533504054
482,2016-01-12,435.690002,0.0352841739574372
483,2016-01-13,432.371002,0.0174391883116882
484,2016-01-14,430.306,0.0226247110939907
485,2016-01-15,364.330994,0.0159145702306079
486,2016-01-16,387.536011,0.0100819243439026
487,2016-01-17,382.299011,0.0172181492342782
488,2016-01-18,387.167999,0.0216792698465458
489,2016-01-19,380.148987,0.0212327767970971
490,2016-01-20,420.230011,0.0167424242424242
491,2016-01-21,410.261993,0.0225267772060224
492,2016-01-22,382.492004,0.0208882033795026
493,2016-01-23,387.490997,0.0253836513280957
494,2016-01-24,402.971008,0.025224185689494
495,2016-01-25,391.726013,0.0338004530576592
496,2016-01-26,392.153015,0.0162404753917668
497,2016-01-27,394.971985,0.0224974555925883
498,2016-01-28,380.289001,0.0109899294758449
499,2016-01-29,379.473999,0.0015893066330703
500,2016-01-30,378.255005,0.0123003797308181
501,2016-01-31,368.766998,-0.0129108236816147
502,2016-02-01,373.056,-0.0141968722193895
503,2016-02-02,374.447998,0.0076769218742379
504,2016-02-03,369.949005,0.0067997386717482
505,2016-02-04,389.593994,0.0199995843764668
506,2016-02-05,386.549011,0.024345751923645
507,2016-02-06,376.522003,-0.0055904169043703
508,2016-02-07,376.619995,0.0018294893112773
509,2016-02-08,373.446991,0.0042520442520442
510,2016-02-09,376.028992,0.0120226169796233
511,2016-02-10,381.648987,0.012995306931874
512,2016-02-11,379.653992,-0.0050526841904459
513,2016-02-12,384.263,0.004021653462848
514,2016-02-13,391.859985,0.0170466828253713
515,2016-02-14,407.230011,0.0182286276827833
516,2016-02-15,400.184998,0.0188964289777806
517,2016-02-16,407.488007,0.0267174390396695
518,2016-02-17,416.321991,0.0308121987066431
519,2016-02-18,422.372986,0.0325660647138749
520,2016-02-19,420.785004,0.0311702947393736
521,2016-02-20,437.164001,0.0307499988691211
522,2016-02-21,438.798004,0.0350137497599101
523,2016-02-22,437.747986,0.018044299231008
524,2016-02-23,420.735992,0.0294705931447397
525,2016-02-24,424.954987,0.028092498315149
526,2016-02-25,424.544006,0.0230878859432578
527,2016-02-26,432.152008,0.0615117313921999
528,2016-02-27,432.519012,0.0201604141706687
529,2016-02-28,433.503998,0.0670342019968512
530,2016-02-29,437.696991,0.0202992805316748
531,2016-03-01,435.122986,0.029414189263295
532,2016-03-02,423.989014,0.0252824547625432
533,2016-03-03,421.651001,0.0317377690660952
534,2016-03-04,410.938995,0.030061201118068
535,2016-03-05,400.570007,0.0293205309452037
536,2016-03-06,407.707001,0.0168149414973337
537,2016-03-07,414.321014,0.0305341452687342
538,2016-03-08,413.971985,0.0308673915287891
539,2016-03-09,414.859985,0.0301982675223457
540,2016-03-10,417.131012,0.0397795207018913
541,2016-03-11,421.690002,0.0400944657541359
542,2016-03-12,411.623993,0.0301579888497525
543,2016-03-13,414.065002,0.0318606269461532
544,2016-03-14,416.437988,0.0391467329685497
545,2016-03-15,416.829987,0.0288417971783806
546,2016-03-16,417.010986,0.0254151857895403
547,2016-03-17,420.621002,0.0214844750765803
548,2016-03-18,409.548004,0.0279133142650999
549,2016-03-19,410.444,0.0097971502650646
550,2016-03-20,413.755005,0.0146669266281702
551,2016-03-21,413.307007,0.0041642591326801
552,2016-03-22,418.088989,0.0196575575924939
553,2016-03-23,418.040985,0.028645616041989
554,2016-03-24,416.394012,0.0303563459123105
555,2016-03-25,417.177002,0.0294142308661068
556,2016-03-26,417.945007,0.032789356295878
557,2016-03-27,426.765015,0.0265847956697745
558,2016-03-28,424.230988,0.0236378442901715
559,2016-03-29,416.515991,0.0167148442954894
560,2016-03-30,414.81601,0.0241788020170601
561,2016-03-31,416.729004,0.0259805859024608
562,2016-04-01,417.959991,0.0253305339105338
563,2016-04-02,420.872986,0.0347735956465525
564,2016-04-03,420.903992,0.025220138085237
565,2016-04-04,421.444,0.0185558830789093
566,2016-04-05,424.029999,0.0351919040555404
567,2016-04-06,423.412994,0.0312457880262431
568,2016-04-07,422.744995,0.0215632347155989
569,2016-04-08,420.348999,0.0124565493257515
570,2016-04-09,419.411011,0.0331854744354744
571,2016-04-10,421.563995,0.0227843153934856
572,2016-04-11,422.483002,0.025100293300619
573,2016-04-12,425.190002,0.0208418193780887
574,2016-04-13,423.734009,0.0279428451821499
575,2016-04-14,424.282013,0.0326550900080311
576,2016-04-15,429.713013,0.0388620724724447
577,2016-04-16,430.571991,0.0409947745856836
578,2016-04-17,427.398987,0.0544313115962051
579,2016-04-18,428.591003,0.0368868394323975
580,2016-04-19,435.509003,0.053743116851883
581,2016-04-20,441.389008,0.0431308968808968
582,2016-04-21,449.424988,0.0352782432621142
583,2016-04-22,445.737,0.0439385029732811
584,2016-04-23,450.282013,0.0394655517278756
585,2016-04-24,458.554993,0.0222043594016959
586,2016-04-25,461.425995,0.037048325823836
587,2016-04-26,466.088989,0.044107375995131
588,2016-04-27,444.687012,0.0481711602368952
589,2016-04-28,449.010986,0.0422162262170838
590,2016-04-29,455.096985,0.0446481503345139
591,2016-04-30,448.317993,0.0528486106364395
592,2016-05-01,451.875,0.047071061379097
593,2016-05-02,444.669006,0.054320530703864
594,2016-05-03,450.303986,0.0505313017743573
595,2016-05-04,446.721985,0.0564725318928858
596,2016-05-05,447.976013,0.0503793596340765
597,2016-05-06,459.602997,0.0404017806093277
598,2016-05-07,458.536011,0.0463219708409983
599,2016-05-08,458.548004,0.0395776868059476
600,2016-05-09,460.483002,0.0326002487771968
601,2016-05-10,450.894989,0.0469466231334208
602,2016-05-11,452.727997,0.042496360851624
603,2016-05-12,454.765991,0.0497170959840259
604,2016-05-13,455.670013,0.0526262626262626
605,2016-05-14,455.67099,0.0498295241503902
606,2016-05-15,457.567993,0.0432192470450897
607,2016-05-16,454.162994,0.0476959500911596
608,2016-05-17,453.78299,0.0519839620696763
609,2016-05-18,454.618988,0.0499929368876737
610,2016-05-19,438.714996,0.0467842852569965
611,2016-05-20,442.675995,0.0619362031646514
612,2016-05-21,443.187988,0.0477293052848021
613,2016-05-22,439.322998,0.0601767908868092
614,2016-05-23,444.154999,0.056879840997109
615,2016-05-24,445.980988,0.0569981207120196
616,2016-05-25,449.598999,0.0522538806431663
617,2016-05-26,453.384003,0.029442718833513
618,2016-05-27,473.463989,0.0251952676952676
619,2016-05-28,530.039978,0.0383219484054673
620,2016-05-29,526.232971,0.0320489272231696
621,2016-05-30,533.864014,0.0304541490994004
622,2016-05-31,531.385986,0.0275454170744394
623,2016-06-01,536.919983,0.0349308810601914
624,2016-06-02,537.971985,0.0293116290580058
625,2016-06-03,569.19397,0.0278725987250245
626,2016-06-04,572.72699,0.02567402656542
627,2016-06-05,574.97699,0.0233950074670598
628,2016-06-06,585.536987,0.0289677170812941
629,2016-06-07,576.596985,0.0224795207009302
630,2016-06-08,581.64502,0.0286222646903026
631,2016-06-09,574.630005,0.0263238346695066
632,2016-06-10,577.469971,0.0413205005885926
633,2016-06-11,606.72699,0.0207263245532904
634,2016-06-12,672.783997,0.0307739044581149
635,2016-06-13,704.375977,0.0394903015113541
636,2016-06-14,685.559021,0.0309142278509131
637,2016-06-15,694.468994,0.0294421239525853
638,2016-06-16,766.307983,0.0233713101930052
639,2016-06-17,748.908997,0.0161624935964366
640,2016-06-18,756.22699,0.0156159680941022
641,2016-06-19,763.781006,0.0280130825057295
642,2016-06-20,737.226013,0.0245700846493099
643,2016-06-21,666.651978,0.0198144040026984
644,2016-06-22,596.116028,0.026589968084028
645,2016-06-23,623.97699,0.0266131819490662
646,2016-06-24,665.299011,0.0208806081956592
647,2016-06-25,665.122986,0.0439632099015098
648,2016-06-26,629.367004,0.0179587733568625
649,2016-06-27,655.275024,0.0199728970741901
650,2016-06-28,647.000977,0.0227209491090305
651,2016-06-29,639.890015,0.017013557881244
652,2016-06-30,673.336975,0.0178805704099821
653,2016-07-01,676.296021,0.019329646614513
654,2016-07-02,703.702026,0.0199258817001978
655,2016-07-03,658.664001,0.0253414913145925
656,2016-07-04,683.661987,0.029592855312964
657,2016-07-05,670.627014,0.0108242928423651
658,2016-07-06,677.330994,0.0268107476500761
659,2016-07-07,640.562012,0.0354605402767167
660,2016-07-08,666.52301,0.016257104007104
661,2016-07-09,650.960022,0.0228363630869976
662,2016-07-10,649.359985,0.0341686939712789
663,2016-07-11,647.658997,0.0232191429162418
664,2016-07-12,664.551025,0.0249093847962382
665,2016-07-13,654.468018,0.03187377860235
666,2016-07-14,658.078003,0.0130008481471247
667,2016-07-15,663.255005,0.0197460333565244
668,2016-07-16,660.767029,0.0256041441197691
669,2016-07-17,679.458984,0.0267794274360608
670,2016-07-18,673.106018,0.0127209261931484
671,2016-07-19,672.864014,0.0472538958498465
672,2016-07-20,665.684998,0.0332917686178555
673,2016-07-21,665.012024,0.0294793428609653
674,2016-07-22,650.619019,0.0356925028262607
675,2016-07-23,655.55603,0.0379507031430108
676,2016-07-24,661.284973,0.0610387150728059
677,2016-07-25,654.096985,0.0382232384576134
678,2016-07-26,651.783997,0.0151159931281707
679,2016-07-27,654.35199,0.0169901171463671
680,2016-07-28,655.034973,0.0255776515151515
681,2016-07-29,656.992004,0.0410867623765712
682,2016-07-30,655.046997,0.0420997293074631
683,2016-07-31,624.68103,0.0294459118052365
684,2016-08-01,606.271973,0.0272964669738863
685,2016-08-02,547.465027,0.0375075402739337
686,2016-08-03,566.35498,0.0165403334115683
687,2016-08-04,578.289001,0.0234734300917336
688,2016-08-05,575.04303,0.037982128902616
689,2016-08-06,587.778015,0.0382369464408299
690,2016-08-07,592.690002,0.0296811607050514
691,2016-08-08,591.054016,0.0257617103315155
692,2016-08-09,587.801025,0.0332483600017729
693,2016-08-10,592.103027,0.0187600822087792
694,2016-08-11,589.119995,0.016191829004329
695,2016-08-12,587.559021,0.0377686059328125
696,2016-08-13,585.588013,0.0290451593860684
697,2016-08-14,570.473022,0.0436568694463431
698,2016-08-15,567.23999,0.0160386780975016
699,2016-08-16,577.439026,0.0385898760330578
700,2016-08-17,573.216003,0.0185442403125329
701,2016-08-18,574.317993,0.0086468919181685
702,2016-08-19,575.630005,0.0268068160721669
703,2016-08-20,581.697021,0.0110042522775731
704,2016-08-21,581.307983,0.0411897507685551
705,2016-08-22,586.752991,0.0154963033953997
706,2016-08-23,583.414978,0.0875648034467107
707,2016-08-24,580.182007,0.0470168612191958
708,2016-08-25,577.760986,0.0042231116584564
709,2016-08-26,579.651001,0.0284105687729637
710,2016-08-27,569.947021,0.0270614568141306
711,2016-08-28,573.911987,0.0514843404894425
712,2016-08-29,574.106995,0.0418678844879912
713,2016-08-30,577.502991,0.0237184144783263
714,2016-08-31,575.471985,0.0042127886874263
715,2016-09-01,572.302979,0.0128922952047952
716,2016-09-02,575.536987,0.0131539810598252
717,2016-09-03,598.211975,0.0117512276280932
718,2016-09-04,608.633972,0.0078738217049905
719,2016-09-05,606.590027,0.0151431293861418
720,2016-09-06,610.435974,0.0289925871054511
721,2016-09-07,614.544006,0.0202320572553623
722,2016-09-08,626.315979,0.0296043559469242
723,2016-09-09,622.861023,0.0079413205668664
724,2016-09-10,623.508972,0.0232239123310551
725,2016-09-11,606.718994,0.0046560417096131
726,2016-09-12,608.242981,0.0133555047718137
727,2016-09-13,609.241028,0.0121444870506372
728,2016-09-14,610.684021,-0.0047327898550724
729,2016-09-15,607.155029,0.0024448968608804
730,2016-09-16,606.973022,0.0087627922983571
731,2016-09-17,605.984009,0.017914422463841
732,2016-09-18,609.874023,0.0314838426841738
733,2016-09-19,609.22699,0.0226184538373979
734,2016-09-20,608.312012,0.0186946605284168
735,2016-09-21,597.148987,0.0211201248034113
736,2016-09-22,596.297974,0.0044491799741044
737,2016-09-23,602.84198,0.0357002259714869
738,2016-09-24,602.625,0.0476651621868663
739,2016-09-25,600.825989,0.0101130126363771
740,2016-09-26,608.04303,0.0249151225929243
741,2016-09-27,606.166016,0.0224597646976679
742,2016-09-28,604.728027,0.0222646442099567
743,2016-09-29,605.692993,0.0207924748411761
744,2016-09-30,609.734985,0.0183795655619426
745,2016-10-01,613.982971,0.0076871796785589
746,2016-10-02,610.892029,0.0337945423295741
747,2016-10-03,612.132996,0.0040742910935218
748,2016-10-04,610.203979,-0.0048321222428365
749,2016-10-05,612.510986,0.0167640817467807
750,2016-10-06,613.020996,0.0111350432428863
751,2016-10-07,617.120972,0.0009291991816662
752,2016-10-08,619.107971,0.0679890878910486
753,2016-10-09,616.752014,0.0200481018981018
754,2016-10-10,618.994019,0.0081978945297127
755,2016-10-11,641.072021,0.0145833570669096
756,2016-10-12,636.192017,0.0179939481017067
757,2016-10-13,636.786011,0.0241503129464952
758,2016-10-14,640.377991,-0.0042212504712504
759,2016-10-15,638.645996,0.0203568674339632
760,2016-10-16,641.630981,0.0158764354858104
761,2016-10-17,639.192993,0.0012896049589597
762,2016-10-18,637.960022,0.0100148244038919
763,2016-10-19,630.52002,2.86738765386423e-05
764,2016-10-20,630.856995,0.0081613065988065
765,2016-10-21,632.828003,0.0575557516849909
766,2016-10-22,657.294006,0.014087290207164
767,2016-10-23,657.070984,0.0220518916847041
768,2016-10-24,653.760986,0.0274180750756093
769,2016-10-25,657.588013,0.0425481692932535
770,2016-10-26,678.304016,0.0309819751228106
771,2016-10-27,688.312988,0.0386014473395802
772,2016-10-28,689.651001,0.0244884282384282
773,2016-10-29,714.479004,0.0182908823771165
774,2016-10-30,701.864014,0.0175431391317845
775,2016-10-31,700.971985,0.0117635576544667
776,2016-11-01,729.79303,-0.0012245630385874
777,2016-11-02,740.828979,0.0053970085470085
778,2016-11-03,688.700012,0.0279801678400163
779,2016-11-04,703.234985,0.0156375805364478
780,2016-11-05,703.41803,0.0100918771509856
781,2016-11-06,711.521973,0.0035543043166149
782,2016-11-07,703.130981,0.0132933368663457
783,2016-11-08,709.848022,0.0129503763176243
784,2016-11-09,723.27301,0.0390365176959379
785,2016-11-10,715.533997,0.0351218920624019
786,2016-11-11,716.411011,0.017679271619145
787,2016-11-12,705.054016,0.0041326023703072
788,2016-11-13,702.031006,0.0040259936746864
789,2016-11-14,705.020996,0.0180395649918121
790,2016-11-15,711.619019,0.0206026591344479
791,2016-11-16,744.197998,-0.0069172081558674
792,2016-11-17,740.97699,0.0254766578717308
793,2016-11-18,751.585022,0.0328382714127577
794,2016-11-19,751.616028,-0.008235058162856
795,2016-11-20,731.026001,0.0101255232792335
796,2016-11-21,739.247986,0.0305368751778786
797,2016-11-22,751.346985,0.0479958463136033
798,2016-11-23,744.593994,0.0343329944466308
799,2016-11-24,740.289001,0.0470242860209965
800,2016-11-25,741.648987,0.0394677622524157
801,2016-11-26,735.382019,0.020419079477521
802,2016-11-27,732.034973,0.0299011002886002
803,2016-11-28,735.812988,0.0298464388967922
804,2016-11-29,735.604004,0.0447771911570131
805,2016-11-30,745.690979,0.0411846654821556
806,2016-12-01,756.773987,0.0522808806804133
807,2016-12-02,777.94397,0.0158390007586075
808,2016-12-03,771.155029,0.019707939328475
809,2016-12-04,773.872009,0.0273243871061331
810,2016-12-05,758.700012,0.0254120584950973
811,2016-12-06,764.223999,0.0175374493231636
812,2016-12-07,768.132019,0.0299444296190871
813,2016-12-08,770.809998,0.0094700852212062
814,2016-12-09,772.794006,0.0066014585567337
815,2016-12-10,774.650024,0.0133902924332611
816,2016-12-11,769.731018,0.0103090827024476
817,2016-12-12,780.086975,0.0392875868830067
818,2016-12-13,780.55603,0.0347370856469796
819,2016-12-14,781.481018,0.0468524551568401
820,2016-12-15,778.088013,0.0359182827960729
821,2016-12-16,784.906982,0.0196517145907389
822,2016-12-17,790.828979,0.0641297434067033
823,2016-12-18,790.530029,0.076512628204945
824,2016-12-19,792.713989,0.0268289276277757
825,2016-12-20,800.875977,0.0306403129034707
826,2016-12-21,834.281006,0.0180640532378369
827,2016-12-22,864.539978,0.0317799477683318
828,2016-12-23,921.984009,0.0252666027886705
829,2016-12-24,898.822021,0.0249980037746805
830,2016-12-25,896.182983,0.0247475236627778
831,2016-12-26,907.609985,0.0245689287238582
832,2016-12-27,933.197998,0.031118631827731
833,2016-12-28,975.921021,0.0278838852215924
834,2016-12-29,973.497009,0.0362667773626677
835,2016-12-30,961.237976,0.039060349795868
836,2016-12-31,963.742981,0.0244381383590367
837,2017-01-01,998.325012,0.0335088243210826
838,2017-01-02,1021.75,0.0255864178488881
839,2017-01-03,1043.839966,0.0252026502114193
840,2017-01-04,1154.72998,0.0200935919685919
841,2017-01-05,1013.380005,0.013817585532035
842,2017-01-06,902.200989,0.0205472290055623
843,2017-01-07,908.585022,0.0168745549732207
844,2017-01-08,911.198975,0.0055621983756424
845,2017-01-09,902.828003,0.01756297760997
846,2017-01-10,907.679016,0.0328597527668872
847,2017-01-11,777.757019,0.0224276057224236
848,2017-01-12,804.833984,0.0302154420921544
849,2017-01-13,823.984009,0.0171680232912627
850,2017-01-14,818.411987,0.0172269962827028
851,2017-01-15,821.797974,0.0410280226057861
852,2017-01-16,831.533997,0.0296602159175021
853,2017-01-17,907.937988,0.0315530851005534
854,2017-01-18,886.617981,0.0188453733766233
855,2017-01-19,899.072998,0.0145570128643783
856,2017-01-20,895.026001,0.0293668988016814
857,2017-01-21,921.789001,0.0312317532693708
858,2017-01-22,924.672974,0.0180687398538961
859,2017-01-23,921.012024,0.0211975108225108
860,2017-01-24,892.687012,0.0200351049510713
861,2017-01-25,901.541992,0.0155145321738242
862,2017-01-26,917.585999,0.0079281403887421
863,2017-01-27,919.75,0.0127058750841325
864,2017-01-28,921.590027,0.0096347284447721
865,2017-01-29,919.495972,0.1253368052529126
866,2017-01-30,920.382019,0.0308088848902101
867,2017-01-31,970.403015,0.0214445281680776
868,2017-02-01,989.02301,0.018794076454111
869,2017-02-02,1011.799988,0.0256674872173427
870,2017-02-03,1029.910034,0.0266917042309114
871,2017-02-04,1042.900024,0.0394414412695129
872,2017-02-05,1027.339966,0.0222326328873947
873,2017-02-06,1038.150024,0.0245891778130835
874,2017-02-07,1061.349976,0.0297471008248393
875,2017-02-08,1063.069946,0.0330635533598195
876,2017-02-09,994.382996,0.0544749297894459
877,2017-02-10,988.674011,0.0216881524721245
878,2017-02-11,1004.450012,0.0357153476633996
879,2017-02-12,999.18103,0.0264563783467157
880,2017-02-13,990.642029,0.0444773502931899
881,2017-02-14,1004.549988,0.0215553467777394
882,2017-02-15,1007.47998,0.0251272801272801
883,2017-02-16,1027.439941,0.0670946337869269
884,2017-02-17,1046.209961,0.0647874627085862
885,2017-02-18,1054.420044,0.0276329448010482
886,2017-02-19,1047.869995,0.0261173466617014
887,2017-02-20,1079.97998,0.0065309932765879
888,2017-02-21,1115.300049,0.0389621014862777
889,2017-02-22,1117.439941,0.0403762387409647
890,2017-02-23,1166.719971,0.0417504325414773
891,2017-02-24,1173.680054,0.0429890996802761
892,2017-02-25,1143.839966,0.0487017772476956
893,2017-02-26,1165.199951,0.0395358449022242
894,2017-02-27,1179.969971,0.027052107812822
895,2017-02-28,1179.969971,0.0628979392135642
896,2017-03-01,1222.5,0.0503794122544122
897,2017-03-02,1251.01001,0.0380019253417582
898,2017-03-03,1274.98999,0.035056483353639
899,2017-03-04,1255.150024,0.0447393467983958
900,2017-03-05,1267.119995,0.0551992365014753
901,2017-03-06,1272.829956,0.0304763969001026
902,2017-03-07,1223.540039,0.0379691197691197
903,2017-03-08,1150.0,0.0339794873336539
904,2017-03-09,1188.48999,0.0349361058097617
905,2017-03-10,1116.719971,0.0599570631388813
906,2017-03-11,1175.829956,0.0469688227278756
907,2017-03-12,1221.380005,0.0912980662677304
908,2017-03-13,1231.920044,0.0311478557674209
909,2017-03-14,1240.0,0.0530556277056276
910,2017-03-15,1249.609985,0.0445220036449399
911,2017-03-16,1187.810059,0.050338999236058
912,2017-03-17,1100.22998,0.0553865200456109
913,2017-03-18,973.817993,0.0496048435919125
914,2017-03-19,1036.73999,0.0232811090818903
915,2017-03-20,1054.22998,0.0291975320751755
916,2017-03-21,1120.540039,0.0346641599893632
917,2017-03-22,1049.140015,0.026892053303636
918,2017-03-23,1038.589966,0.0355876063120381
919,2017-03-24,937.52002,0.0375125820264709
920,2017-03-25,972.778992,0.0303381324493529
921,2017-03-26,966.724976,0.025217044556125
922,2017-03-27,1045.77002,0.0425436869854345
923,2017-03-28,1047.150024,0.0260382506811078
924,2017-03-29,1039.969971,0.044232755400268
925,2017-03-30,1026.430054,0.0447764338835767
926,2017-03-31,1071.790039,0.0354767031214399
927,2017-04-01,1080.5,0.0433060043240455
928,2017-04-02,1102.170044,0.0291047522682796
929,2017-04-03,1143.810059,0.0301709570191712
930,2017-04-04,1133.25,0.013897776340305
931,2017-04-05,1124.780029,0.0340875352717457
932,2017-04-06,1182.680054,0.0331395547798709
933,2017-04-07,1176.900024,0.0437054072470739
934,2017-04-08,1175.949951,0.0284567241968557
935,2017-04-09,1187.869995,0.0288714167258943
936,2017-04-10,1187.130005,0.0492182995664539
937,2017-04-11,1205.01001,0.044114735119637
938,2017-04-12,1200.369995,0.0357348260713645
939,2017-04-13,1169.280029,0.0487881692224912
940,2017-04-14,1167.540039,0.0369735707653534
941,2017-04-15,1172.52002,0.0283877325764742
942,2017-04-16,1182.939941,0.0403170915947159
943,2017-04-17,1193.910034,0.0757381217112503
944,2017-04-18,1211.670044,0.0330871460343937
945,2017-04-19,1210.290039,0.026068072158271
946,2017-04-20,1229.079956,0.0438933462370962
947,2017-04-21,1222.050049,0.0196009164041751
948,2017-04-22,1231.709961,0.0293855274015824
949,2017-04-23,1207.209961,0.0319687489226738
950,2017-04-24,1250.150024,0.0337342128218334
951,2017-04-25,1265.48999,0.0310362529538278
952,2017-04-26,1281.079956,0.0233255155298857
953,2017-04-27,1317.72998,0.0298839266749605
954,2017-04-28,1316.47998,0.0337290952803982
955,2017-04-29,1321.790039,0.0325166725166725
956,2017-04-30,1347.890015,0.030665619103119
957,2017-05-01,1421.599976,0.035453125167014
958,2017-05-02,1452.819946,0.0343562527216373
959,2017-05-03,1490.089966,0.0305055671352725
960,2017-05-04,1537.670044,0.0478837772543023
961,2017-05-05,1555.449951,0.0266075468520263
962,2017-05-06,1578.800049,0.0353133671883671
963,2017-05-07,1596.709961,0.0297086572222811
964,2017-05-08,1723.349976,0.041761718358762
965,2017-05-09,1755.359985,0.0417124832727132
966,2017-05-10,1787.130005,0.0255021530237439
967,2017-05-11,1848.569946,0.0417624242657989
968,2017-05-12,1724.23999,0.0318288859241544
969,2017-05-13,1804.910034,0.0343526235356944
970,2017-05-14,1808.910034,0.0272985721880458
971,2017-05-15,1738.430054,0.0375883179101137
972,2017-05-16,1734.449951,0.0441385376554905
973,2017-05-17,1839.089966,0.0230967350505473
974,2017-05-18,1888.650024,0.0381927326686533
975,2017-05-19,1987.709961,0.0352394888216806
976,2017-05-20,2084.72998,0.0358947884835752
977,2017-05-21,2041.199951,0.0435918807178043
978,2017-05-22,2173.399902,0.0430900344952263
979,2017-05-23,2320.419922,0.04458754759098
980,2017-05-24,2443.639893,0.0564398258618891
981,2017-05-25,2304.97998,0.0479336105071399
982,2017-05-26,2202.419922,0.0512039057837813
983,2017-05-27,2038.869995,0.0553298226171962
984,2017-05-28,2155.800049,0.0445897692552622
985,2017-05-29,2255.610107,0.0532258415260751
986,2017-05-30,2175.469971,0.049595629270328
987,2017-05-31,2286.409912,0.0603281380014956
988,2017-06-01,2407.879883,0.0495881055452484
989,2017-06-02,2488.550049,0.0545486747403925
990,2017-06-03,2515.350098,0.0357709256811053
991,2017-06-04,2511.810059,0.027783240243808
992,2017-06-05,2686.810059,0.0162623436234547
993,2017-06-06,2863.199951,0.0534471415324475
994,2017-06-07,2732.159912,0.0624417368948618
995,2017-06-08,2805.620117,0.058069890032284
996,2017-06-09,2823.810059,0.0340894172661089
997,2017-06-10,2947.709961,0.0402119220478595
998,2017-06-11,2958.110107,0.0567304421768707
999,2017-06-12,2659.629883,0.0400002653927813
1000,2017-06-13,2717.02002,0.0291963412931154
1001,2017-06-14,2506.370117,0.0518087328525435
1002,2017-06-15,2464.580078,0.0645810567676462
1003,2017-06-16,2518.560059,0.0465191573933905
1004,2017-06-17,2655.879883,0.0918835846890709
1005,2017-06-18,2548.290039,0.0376876454678624
1006,2017-06-19,2589.600098,0.047761916205305
1007,2017-06-20,2721.790039,0.0432656795700273
1008,2017-06-21,2689.100098,0.0475509991950658
1009,2017-06-22,2705.409912,0.0340358287704178
1010,2017-06-23,2744.909912,0.0258533728176585
1011,2017-06-24,2608.719971,0.011608219210399
1012,2017-06-25,2589.409912,0.0382301532364984
1013,2017-06-26,2478.449951,0.0205901095470631
1014,2017-06-27,2552.449951,0.0400225082995176
1015,2017-06-28,2574.790039,0.055852070908889
1016,2017-06-29,2539.320068,0.0492372860440545
1017,2017-06-30,2480.840088,0.0385031208108131
1018,2017-07-01,2434.550049,0.0453782598360338
1019,2017-07-02,2506.469971,0.0341722431872955
1020,2017-07-03,2564.060059,0.0574723884194408
1021,2017-07-04,2601.639893,0.0538777410329134
1022,2017-07-05,2601.98999,0.0341118079029037
1023,2017-07-06,2608.560059,0.0388884507784945
1024,2017-07-07,2518.659912,0.0373571316999152
1025,2017-07-08,2571.340088,0.0386397918851334
1026,2017-07-09,2518.439941,0.0258056093691452
1027,2017-07-10,2372.560059,0.0348060409708137
1028,2017-07-11,2337.790039,0.0402638094612064
1029,2017-07-12,2398.840088,0.040005753143008
1030,2017-07-13,2357.899902,0.0351255274261603
1031,2017-07-14,2233.340088,0.0313736125280711
1032,2017-07-15,1998.859985,0.0284169591597529
1033,2017-07-16,1929.819946,0.0255701901191591
1034,2017-07-17,2228.409912,0.0330079046770223
1035,2017-07-18,2318.879883,0.0232510750019615
1036,2017-07-19,2273.429932,0.0137267118345885
1037,2017-07-20,2817.600098,0.0393165813060179
1038,2017-07-21,2667.76001,0.0303724258958633
1039,2017-07-22,2810.120117,0.0297330078465047
1040,2017-07-23,2730.399902,0.0274180936177758
1041,2017-07-24,2754.860107,0.0331901734759152
1042,2017-07-25,2576.47998,0.0382099584495606
1043,2017-07-26,2529.449951,0.0417887963936612
1044,2017-07-27,2671.780029,0.057830757396873
1045,2017-07-28,2809.01001,0.0480231330303307
1046,2017-07-29,2726.449951,0.0487928417424031
1047,2017-07-30,2757.179932,0.0505808096672212
1048,2017-07-31,2875.340088,0.056575775087911
1049,2017-08-01,2718.26001,0.0482576869477554
1050,2017-08-02,2710.669922,0.0699948028720664
1051,2017-08-03,2804.72998,0.0573330220696025
1052,2017-08-04,2895.889893,0.0595189171559034
1053,2017-08-05,3252.909912,0.0533061808785045
1054,2017-08-06,3213.939941,0.0573856626965435
1055,2017-08-07,3378.939941,0.0639880185431366
1056,2017-08-08,3419.939941,0.0536006576121079
1057,2017-08-09,3342.469971,0.0488872068626669
1058,2017-08-10,3381.280029,0.047334642638157
1059,2017-08-11,3650.620117,0.0436054627427866
1060,2017-08-12,3884.709961,0.0474740223336414
1061,2017-08-13,4073.26001,0.0644498708253908
1062,2017-08-14,4325.129883,0.0456605815228654
1063,2017-08-15,4181.930176,0.0530544832791376
1064,2017-08-16,4376.629883,0.0575988357345779
1065,2017-08-17,4331.689941,0.0548336561787648
1066,2017-08-18,4160.620117,0.0625372332054359
1067,2017-08-19,4193.700195,0.0538066171266808
1068,2017-08-20,4087.659912,0.0602662028998927
1069,2017-08-21,4001.73999,0.0538331137461572
1070,2017-08-22,4100.52002,0.0466916595186718
1071,2017-08-23,4151.52002,0.082679152949366
1072,2017-08-24,4334.680176,0.0720102130250069
1073,2017-08-25,4371.600098,0.078069069824541
1074,2017-08-26,4352.399902,0.057265862462006
1075,2017-08-27,4382.879883,0.0588972124185267
1076,2017-08-28,4382.660156,0.0823320465844975
1077,2017-08-29,4579.02002,0.0698044612612139
1078,2017-08-30,4565.299805,0.0606174982037952
1079,2017-08-31,4703.390137,0.0698861890056157
1080,2017-09-01,4892.009766,0.0632265320561073
1081,2017-09-02,4578.77002,0.0677303851772643
1082,2017-09-03,4582.959961,0.0608838930809416
1083,2017-09-04,4236.310059,0.058307572489367
1084,2017-09-05,4376.529785,0.0542120283659399
1085,2017-09-06,4597.120117,0.0674180615680615
1086,2017-09-07,4599.879883,0.0607101522215158
1087,2017-09-08,4228.75,0.0654442533117983
1088,2017-09-09,4226.060059,0.0565318108857434
1089,2017-09-10,4122.939941,0.0520073195428308
1090,2017-09-11,4161.27002,0.0591185090419784
1091,2017-09-12,4130.810059,0.0651511830090459
1092,2017-09-13,3882.590088,0.0538877587421309
1093,2017-09-14,3154.949951,0.0552277805402805
1094,2017-09-15,3637.52002,0.0471332388709556
1095,2017-09-16,3625.040039,0.0654074966345333
1096,2017-09-17,3582.879883,0.0691830102468055
1097,2017-09-18,4065.199951,0.0647010354388934
1098,2017-09-19,3924.969971,0.0653498766205173
1099,2017-09-20,3905.949951,0.0587002157066202
1100,2017-09-21,3631.040039,0.0633118375163829
1101,2017-09-22,3630.699951,0.0453183055792544
1102,2017-09-23,3792.399902,0.0477372627372627
1103,2017-09-24,3682.840088,0.0551009088553873
1104,2017-09-25,3926.070068,0.0611428238428238
1105,2017-09-26,3892.350098,0.0680712776223738
1106,2017-09-27,4200.669922,0.0794368350765866
1107,2017-09-28,4174.72998,0.0680859437270843
1108,2017-09-29,4163.069824,0.0707408165505991
1109,2017-09-30,4338.709961,0.0476415788958681
1110,2017-10-01,4403.740234,0.0696732960526063
1111,2017-10-02,4409.319824,0.0611127473813196
1112,2017-10-03,4317.47998,0.0656127165812395
1113,2017-10-04,4229.359863,0.0681213932540167
1114,2017-10-05,4328.410156,0.0639389909477392
1115,2017-10-06,4370.810059,0.0632379321926006
1116,2017-10-07,4426.890137,0.0592691395962379
1117,2017-10-08,4610.47998,0.0670107283000165
1118,2017-10-09,4772.02002,0.0293736879002165
1119,2017-10-10,4781.990234,0.0624959085113765
1120,2017-10-11,4826.47998,0.030669753710756
1121,2017-10-12,5446.910156,0.0667297270325511
1122,2017-10-13,5647.209961,0.0646106886589841
1123,2017-10-14,5831.790039,0.1002945565551858
1124,2017-10-15,5678.189941,0.0604254774688633
1125,2017-10-16,5725.589844,0.0486094581884959
1126,2017-10-17,5605.509766,0.0554374121164723
1127,2017-10-18,5590.689941,0.0578177351734483
1128,2017-10-19,5708.52002,0.0568600064652696
1129,2017-10-20,6011.450195,0.0470147643449907
1130,2017-10-21,6031.600098,0.0619471421674382
1131,2017-10-22,6008.419922,0.0501275015668955
1132,2017-10-23,5930.319824,0.0589909329837974
1133,2017-10-24,5526.640137,0.0599807793590459
1134,2017-10-25,5750.799805,0.0606868968978977
1135,2017-10-26,5904.830078,0.0697056064552558
1136,2017-10-27,5780.899902,0.0631716910217733
1137,2017-10-28,5753.089844,0.0583766388180513
1138,2017-10-29,6153.850098,0.0626398841629424
1139,2017-10-30,6130.529785,0.0676415071589014
1140,2017-10-31,6468.399902,0.0712933378788812
1141,2017-11-01,6767.310059,0.0615005123507708
1142,2017-11-02,7078.5,0.0645560738274386
1143,2017-11-03,7207.759766,0.0724239581141421
1144,2017-11-04,7379.950195,0.066109107623204
1145,2017-11-05,7407.410156,0.0660336475194965
1146,2017-11-06,7022.759766,0.0645540253283479
1147,2017-11-07,7144.379883,0.0623855263759736
1148,2017-11-08,7459.689941,0.0680984216120579
1149,2017-11-09,7143.580078,0.0625382213596718
1150,2017-11-10,6618.140137,0.0620818643403278
1151,2017-11-11,6357.600098,0.0533017036396114
1152,2017-11-12,5950.069824,0.0549506337619939
1153,2017-11-13,6559.490234,0.0566227009017662
1154,2017-11-14,6635.75,0.0787990803460355
1155,2017-11-15,7315.540039,0.0829590377484491
1156,2017-11-16,7871.689941,0.069167460100414
1157,2017-11-17,7708.990234,0.0732193990183189
1158,2017-11-18,7790.149902,0.0605058672388217
1159,2017-11-19,8036.490234,0.0561636122467137
1160,2017-11-20,8200.639648,0.0605030802311538
1161,2017-11-21,8071.259766,0.0672922809110468
1162,2017-11-22,8253.549805,0.0760114157067602
1163,2017-11-23,8038.77002,0.063402510009115
1164,2017-11-24,8253.69043,0.0703430741128867
1165,2017-11-25,8790.919922,0.057655188295102
1166,2017-11-26,9330.549805,0.0696220854165396
1167,2017-11-27,9818.349609,0.0609739138421072
1168,2017-11-28,10058.799805,0.08898635063029
1169,2017-11-29,9888.610352,0.0644739076458928
1170,2017-11-30,10233.599609,0.0777710026915053
1171,2017-12-01,10975.599609,0.0835516567073989
1172,2017-12-02,11074.599609,0.0741247927348721
1173,2017-12-03,11323.200195,0.0697350590545775
1174,2017-12-04,11657.200195,0.0766409915232378
1175,2017-12-05,11916.700195,0.0549563582700584
1176,2017-12-06,14291.5,0.0374906930035914
1177,2017-12-07,17899.699219,0.0356041099503059
1178,2017-12-08,16569.400391,0.0268651501882497
1179,2017-12-09,15178.200195,0.0719172910056794
1180,2017-12-10,15455.400391,0.0646717693118764
1181,2017-12-11,16936.800781,0.0614215072708376
1182,2017-12-12,17415.400391,0.048993965692916
1183,2017-12-13,16408.199219,0.0408943740694415
1184,2017-12-14,16564.0,0.0468596306747844
1185,2017-12-15,17706.900391,0.0388211194159885
1186,2017-12-16,19497.400391,0.0455730897465425
1187,2017-12-17,19140.800781,0.0658057695005611
1188,2017-12-18,19114.199219,0.0647165240333557
1189,2017-12-19,17776.699219,0.0588558731591655
1190,2017-12-20,16624.599609,0.0433415764953966
1191,2017-12-21,15802.900391,0.0580797363691575
1192,2017-12-22,13831.799805,0.0458418749819703
1193,2017-12-23,14699.200195,0.042313808072659
1194,2017-12-24,13925.799805,0.0447059078212631
1195,2017-12-25,14026.599609,0.0629526549943593
1196,2017-12-26,16099.799805,0.0536719769978698
1197,2017-12-27,15838.5,0.0587722926528194
1198,2017-12-28,14606.5,0.0506256230180998
1199,2017-12-29,14656.200195,0.0477229596489269
1200,2017-12-30,12952.200195,0.0536546865827097
1201,2017-12-31,14156.400391,0.0491017681283697
1202,2018-01-01,13657.200195,0.0480672128957084
1203,2018-01-02,14982.099609,0.0582345309183048
1204,2018-01-03,15201.0,0.0606570158742362
1205,2018-01-04,15599.200195,0.0488749704029875
1206,2018-01-05,17429.5,0.0379591302729984
1207,2018-01-06,17527.0,0.0460982001964174
1208,2018-01-07,16477.599609,0.0400039263180573
1209,2018-01-08,15170.099609,0.0534035910389345
1210,2018-01-09,14595.400391,0.0484758916762723
1211,2018-01-10,14973.299805,0.0532808207971535
1212,2018-01-11,13405.799805,0.0737949139950555
1213,2018-01-12,13980.599609,0.0627622496496344
1214,2018-01-13,14360.200195,0.0496143629921776
1215,2018-01-14,13772.0,0.0395586675169409
1216,2018-01-15,13819.799805,0.0439209638880196
1217,2018-01-16,11490.5,0.0445938463458923
1218,2018-01-17,11188.599609,0.0490990638183098
1219,2018-01-18,11474.900391,0.0566446946305848
1220,2018-01-19,11607.400391,0.0436038373643073
1221,2018-01-20,12899.200195,0.0454081613026189
1222,2018-01-21,11600.099609,0.0413916681734653
1223,2018-01-22,10931.400391,0.0482176562250799
1224,2018-01-23,10868.400391,0.0459483014403184
1225,2018-01-24,11359.400391,0.0441713289962256
1226,2018-01-25,11259.400391,0.04637833935022
1227,2018-01-26,11171.400391,0.0478040954536702
1228,2018-01-27,11440.700195,0.0394222018828451
1229,2018-01-28,11786.299805,0.0378765686680222
1230,2018-01-29,11296.400391,0.0577541974085498
1231,2018-01-30,10106.299805,0.0412355345790262
1232,2018-01-31,10221.099609,0.0420806069491033
1233,2018-02-01,9170.540039,0.0424367347730622
1234,2018-02-02,8830.75,0.0434782380002273
1235,2018-02-03,9174.910156,0.048654526863895
1236,2018-02-04,8277.009766,0.0440732348129852
1237,2018-02-05,6955.27002,0.0608143825139401
1238,2018-02-06,7754.0,0.0650663834689936
1239,2018-02-07,7621.299805,0.0413500171821396
1240,2018-02-08,8265.589844,0.0533123931527806
1241,2018-02-09,8736.980469,0.0433278185084091
1242,2018-02-10,8621.900391,0.0432335942543017
1243,2018-02-11,8129.970215,0.036969013765544
1244,2018-02-12,8926.570313,0.036641542338238
1245,2018-02-13,8598.30957,0.0372874715542782
1246,2018-02-14,9494.629883,0.0418838249784895
1247,2018-02-15,10166.400391,0.0646574024204119
1248,2018-02-16,10233.900391,0.0734692992697538
1249,2018-02-17,11112.700195,0.0441123597363275
1250,2018-02-18,10551.799805,0.0403463998818329
1251,2018-02-19,11225.299805,0.044767111958046
1252,2018-02-20,11403.700195,0.0503892875190429
1253,2018-02-21,10690.400391,0.0406043669317027
1254,2018-02-22,10005.0,0.0427365998024425
1255,2018-02-23,10301.099609,0.0301444008886076
1256,2018-02-24,9813.070313,0.0360207681930751
1257,2018-02-25,9664.730469,0.0335103035186052
1258,2018-02-26,10366.700195,0.0345850403206262
1259,2018-02-27,10725.599609,0.0410609706385568
1260,2018-02-28,10397.900391,0.04940983719688
1261,2018-03-01,10951.0,0.0646319520302436
1262,2018-03-02,11086.400391,0.0447106715331198
1263,2018-03-03,11489.700195,0.0449492093554593
1264,2018-03-04,11512.599609,0.0393990567170066
1265,2018-03-05,11573.299805,0.0310423578652099
1266,2018-03-06,10779.900391,0.0340209157214493
1267,2018-03-07,9965.570313,0.0283642107997307
1268,2018-03-08,9395.009766,0.040404199834223
1269,2018-03-09,9337.549805,0.0472741253868893
1270,2018-03-10,8866.0,0.0479905974340821
1271,2018-03-11,9578.629883,0.0526563866270122
1272,2018-03-12,9205.120117,0.0461356051825983
1273,2018-03-13,9194.849609,0.0571930168798172
1274,2018-03-14,8269.80957,0.0428497511574727
1275,2018-03-15,8300.860352,0.0434318609157964
1276,2018-03-16,8338.349609,0.0338722961036782
1277,2018-03-17,7916.879883,0.0245951226583494
1278,2018-03-18,8223.679688,0.0256468844103157
1279,2018-03-19,8630.650391,0.0378400772958402
1280,2018-03-20,8913.469727,0.0355374394850074
1281,2018-03-21,8929.280273,0.0401037427874752
1282,2018-03-22,8728.469727,0.0360337977925717
1283,2018-03-23,8879.620117,0.0171345316833851
1284,2018-03-24,8668.120117,0.0326787319673562
1285,2018-03-25,8495.780273,0.0277539389259502
1286,2018-03-26,8209.400391,0.027172702647691
1287,2018-03-27,7833.040039,0.035339522600726
1288,2018-03-28,7954.47998,0.0319689321713692
1289,2018-03-29,7165.700195,0.0325760023921247
1290,2018-03-30,6890.52002,0.0343819626351337
1291,2018-03-31,6973.529785,0.0283573831042607
1292,2018-04-01,6844.22998,0.0290317855147924
1293,2018-04-02,7083.799805,0.0157648377260286
1294,2018-04-03,7456.109863,0.0728599521472865
1295,2018-04-04,6853.839844,0.0704525216225177
1296,2018-04-05,6811.470215,0.0699181181047432
1297,2018-04-06,6636.319824,0.0661162642006997
1298,2018-04-07,6911.089844,0.0731935729089341
1299,2018-04-08,7023.52002,0.0280068091630591
1300,2018-04-09,6770.72998,0.0293602005670417
1301,2018-04-10,6834.759766,0.0256299274980125
1302,2018-04-11,6968.319824,0.0276891471728896
1303,2018-04-12,7889.25,0.0257794949938658
1304,2018-04-13,7895.959961,0.0439355456688848
1305,2018-04-14,7986.240234,0.0232578078730289
1306,2018-04-15,8329.110352,0.0320983001487867
1307,2018-04-16,8058.669922,0.0375346798677918
1308,2018-04-17,7902.089844,0.0284032657040217
1309,2018-04-18,8163.419922,0.0218081406286401
1310,2018-04-19,8294.30957,0.0285580335240871
1311,2018-04-20,8845.830078,0.0268644265586438
1312,2018-04-21,8895.580078,0.0250727271727964
1313,2018-04-22,8802.459961,0.0307477131282789
1314,2018-04-23,8930.879883,0.0439484401571087
1315,2018-04-24,9697.5,0.0507373610087189
1316,2018-04-25,8845.740234,0.0358763412328499
1317,2018-04-26,9281.509766,0.0256566511899201
1318,2018-04-27,8987.049805,0.0207743845333887
1319,2018-04-28,9348.480469,0.0286086891561515
1320,2018-04-29,9419.080078,0.02613040107085
1321,2018-04-30,9240.549805,0.0270415381983944
1322,2018-05-01,9119.009766,0.0199449176821638
1323,2018-05-02,9235.919922,0.0304703336839709
1324,2018-05-03,9743.860352,0.0315496765974751
1325,2018-05-04,9700.759766,0.0391023406241042
1326,2018-05-05,9858.150391,0.024882140217506
1327,2018-05-06,9654.799805,0.0265356988310333
1328,2018-05-07,9373.009766,0.0162458283238008
1329,2018-05-08,9234.820313,0.0307743286490445
1330,2018-05-09,9325.179688,0.0230146112622119
1331,2018-05-10,9043.94043,0.0210373916889557
1332,2018-05-11,8441.490234,0.0136517963450934
1333,2018-05-12,8504.889648,0.0261196530995525
1334,2018-05-13,8723.94043,0.017344968365299
1335,2018-05-14,8716.790039,0.0254419857510263
1336,2018-05-15,8510.379883,0.0246553114691718
1337,2018-05-16,8368.830078,0.0398871009945735
1338,2018-05-17,8094.319824,0.0273783162593023
1339,2018-05-18,8250.969727,0.0187017444228291
1340,2018-05-19,8247.179688,0.0219794159123704
1341,2018-05-20,8513.25,0.0159544056881401
1342,2018-05-21,8418.990234,0.0322686943856298
1343,2018-05-22,8041.779785,0.0535413836232411
1344,2018-05-23,7557.819824,0.0281062095067218
1345,2018-05-24,7587.339844,0.0244408922028407
1346,2018-05-25,7480.140137,0.0329897408388589
1347,2018-05-26,7355.879883,0.0217235158165128
1348,2018-05-27,7368.220215,0.0224903343961605
1349,2018-05-28,7135.990234,0.0244140041015041
1350,2018-05-29,7472.589844,0.0300376939205962
1351,2018-05-30,7406.52002,0.0290002846331328
1352,2018-05-31,7494.169922,0.0314303447779421
1353,2018-06-01,7541.450195,0.0307137909282246
1354,2018-06-02,7643.450195,0.0795893986171126
1355,2018-06-03,7720.25,0.0781786278640152
1356,2018-06-04,7514.470215,0.0782524030394761
1357,2018-06-05,7633.759766,0.0718433630338529
1358,2018-06-06,7653.97998,0.0301821980673213
1359,2018-06-07,7678.240234,0.028348431228552
1360,2018-06-08,7624.919922,0.0231586875426161
1361,2018-06-09,7531.97998,0.0243608949766198
1362,2018-06-10,6786.02002,0.014382121471929
1363,2018-06-11,6906.919922,0.0208473911932104
1364,2018-06-12,6582.359863,0.0236755158836167
1365,2018-06-13,6349.899902,0.011813487173408
1366,2018-06-14,6675.350098,0.0246359182596933
1367,2018-06-15,6456.580078,0.0124877398658935
1368,2018-06-16,6550.160156,0.0127174882911385
1369,2018-06-17,6499.27002,0.0194426507469985
1370,2018-06-18,6734.819824,0.0193283512612216
1371,2018-06-19,6769.939941,0.0181573467069878
1372,2018-06-20,6776.549805,0.0165971367661626
1373,2018-06-21,6729.740234,0.0149691579201522
1374,2018-06-22,6083.689941,0.0201040914566584
1375,2018-06-23,6162.47998,0.0241909145945196
1376,2018-06-24,6173.22998,0.0168557246130775
1377,2018-06-25,6249.180176,0.0180545469420587
1378,2018-06-26,6093.669922,0.0222977117918466
1379,2018-06-27,6157.129883,0.0270218814721641
1380,2018-06-28,5903.439941,0.0245302718079531
1381,2018-06-29,6218.299805,0.0223615115688286
1382,2018-06-30,6404.0,0.0271787691738474
1383,2018-07-01,6385.819824,0.0239584011648111
1384,2018-07-02,6614.180176,0.0303507887653222
1385,2018-07-03,6529.589844,0.0253868769455759
1386,2018-07-04,6597.549805,0.0269825078372316
1387,2018-07-05,6639.140137,0.0258821659396372
1388,2018-07-06,6673.5,0.0213747872105593
1389,2018-07-07,6856.930176,0.0281866078483414
1390,2018-07-08,6773.879883,0.0267345867639985
1391,2018-07-09,6741.75,0.0213841504615314
1392,2018-07-10,6329.950195,0.0172472048615341
1393,2018-07-11,6394.709961,0.0128761693119398
1394,2018-07-12,6228.810059,0.0323949106363458
1395,2018-07-13,6238.049805,0.0288041465575883
1396,2018-07-14,6276.120117,0.0250735982166157
1397,2018-07-15,6359.640137,0.0313784893362217
1398,2018-07-16,6741.75,0.040175653875963
1399,2018-07-17,7321.040039,0.0415993086765145
1400,2018-07-18,7370.779785,0.0373606781666126
1401,2018-07-19,7466.859863,0.0297881484917199
1402,2018-07-20,7354.129883,0.0209109159999226
1403,2018-07-21,7419.290039,0.0299632548575288
1404,2018-07-22,7418.490234,0.036495513526617
1405,2018-07-23,7711.109863,0.0403972198400961
1406,2018-07-24,8424.269531,0.0425867712687019
1407,2018-07-25,8181.390137,0.0378464824145077
1408,2018-07-26,7951.580078,0.0390410486698238
1409,2018-07-27,8165.009766,0.0379990597635773
1410,2018-07-28,8192.150391,0.0392479912921371
1411,2018-07-29,8218.459961,0.0357070674922088
1412,2018-07-30,8180.47998,0.035371008276385
1413,2018-07-31,7780.439941,0.0854031192902214
1414,2018-08-01,7624.910156,0.0973661626452015
1415,2018-08-02,7567.149902,0.0829536233341722
1416,2018-08-03,7434.390137,0.0046639514687928
1417,2018-08-04,7032.850098,0.0546728664127569
1418,2018-08-05,7068.47998,0.0568436345685149
1419,2018-08-06,6951.799805,0.0564869239089362
1420,2018-08-07,6753.120117,0.0453716945199503
1421,2018-08-08,6305.799805,0.0491048302903074
1422,2018-08-09,6568.22998,0.0477333210742578
1423,2018-08-10,6184.709961,0.0487582319993191
1424,2018-08-11,6295.72998,0.0526431340146219
1425,2018-08-12,6322.689941,0.042169077271048
1426,2018-08-13,6297.569824,0.0335494704153102
1427,2018-08-14,6199.709961,0.0428006696297685
1428,2018-08-15,6308.52002,0.0431541399876731
1429,2018-08-16,6334.72998,0.0376931010813923
1430,2018-08-17,6580.629883,0.0462190085715366
1431,2018-08-18,6423.759766,0.0325480239157187
1432,2018-08-19,6506.069824,0.0312222021315936
1433,2018-08-20,6308.529785,0.0261177217791087
1434,2018-08-21,6488.759766,0.0321989389415132
1435,2018-08-22,6376.709961,0.0336894983002461
1436,2018-08-23,6534.879883,0.0394169448297746
1437,2018-08-24,6719.959961,0.0432778401296919
1438,2018-08-25,6763.189941,0.0446699001862576
1439,2018-08-26,6707.259766,0.0376100899351463
1440,2018-08-27,6884.640137,0.0370225983537003
1441,2018-08-28,7096.279785,0.042444144907286
1442,2018-08-29,7047.160156,0.0522521342550831
1443,2018-08-30,6978.22998,0.0480090233281817
1444,2018-08-31,7037.580078,0.0524946717643523
1445,2018-09-01,7193.25,0.0428406964373686
1446,2018-09-02,7272.720215,0.0501121487523244
1447,2018-09-03,7260.060059,0.0476056114364937
1448,2018-09-04,7361.660156,0.04047700118998
1449,2018-09-05,6792.830078,0.0427808443879872
1450,2018-09-06,6529.169922,0.0481223984009907
1451,2018-09-07,6467.069824,0.0446881137155527
1452,2018-09-08,6225.97998,0.0401596814452921
1453,2018-09-09,6300.859863,0.0486382427530284
1454,2018-09-10,6329.700195,0.0439141367289864
1455,2018-09-11,6321.200195,0.0464444244573345
1456,2018-09-12,6351.799805,0.051415622558162
1457,2018-09-13,6517.310059,0.0573956687262447
1458,2018-09-14,6512.709961,0.0520446562252407
1459,2018-09-15,6543.200195,0.039346850960783
1460,2018-09-16,6517.180176,0.0416765428679491
1461,2018-09-17,6281.200195,0.0390644933712121
1462,2018-09-18,6371.299805,0.043291492756156
1463,2018-09-19,6398.540039,0.047942134380438
1464,2018-09-20,6519.669922,0.0496119076306766
1465,2018-09-21,6734.950195,0.0412473153927094
1466,2018-09-22,6721.97998,0.0361321107536703
1467,2018-09-23,6710.629883,0.0399387830366091
1468,2018-09-24,6595.410156,0.0454154191562728
1469,2018-09-25,6446.470215,0.0432518900181943
1470,2018-09-26,6495.0,0.0480978156071069
1471,2018-09-27,6676.75,0.0523156283995218
1472,2018-09-28,6644.129883,0.0472008661511088
1473,2018-09-29,6601.959961,0.0447495965154032
1474,2018-09-30,6625.560059,0.0422959046483352
1475,2018-10-01,6589.620117,0.0723734611875472
1476,2018-10-02,6556.100098,0.0466653029270044
1477,2018-10-03,6502.589844,0.05006876795221
1478,2018-10-04,6576.689941,0.0418245298706157
1479,2018-10-05,6622.47998,0.0361198740585386
1480,2018-10-06,6588.310059,0.035336387364989
1481,2018-10-07,6602.950195,0.0410124588399189
1482,2018-10-08,6652.22998,0.0392057893156619
1483,2018-10-09,6642.640137,0.0378108962194095
1484,2018-10-10,6585.529785,0.02875892188667
1485,2018-10-11,6256.240234,0.0350224934441966
1486,2018-10-12,6274.580078,0.0230081172337265
1487,2018-10-13,6285.990234,0.0188288723871523
1488,2018-10-14,6290.930176,0.0218167368878896
1489,2018-10-15,6596.540039,0.0330243511175896
1490,2018-10-16,6596.109863,0.0384760951513324
1491,2018-10-17,6544.430176,0.0280966403018887
1492,2018-10-18,6476.709961,0.0215311193200223
1493,2018-10-19,6465.410156,0.0364439173793294
1494,2018-10-20,6489.189941,0.018122354238266
1495,2018-10-21,6482.350098,0.0377986852792216
1496,2018-10-22,6487.160156,0.0418936116196578
1497,2018-10-23,6475.740234,0.0292774626631883
1498,2018-10-24,6495.839844,0.0263954905267544
1499,2018-10-25,6476.290039,0.0264585634466927
1500,2018-10-26,6474.75,0.0213580760391127
1501,2018-10-27,6480.379883,0.0229456894809288
1502,2018-10-28,6486.390137,0.0277666993858854
1503,2018-10-29,6332.629883,0.0283687120835467
1504,2018-10-30,6334.27002,0.0325041703732573
1505,2018-10-31,6317.609863,0.0356434921044222
1506,2018-11-01,6377.779785,0.0323605849456642
1507,2018-11-02,6388.439941,0.025636194849031
1508,2018-11-03,6361.259766,0.0246763975656191
1509,2018-11-04,6376.129883,0.0281529734836622
1510,2018-11-05,6419.660156,0.0312696229741231
1511,2018-11-06,6461.009766,0.0439999100185192
1512,2018-11-07,6530.140137,0.0320301852738901
1513,2018-11-08,6453.720215,0.023901651510909
1514,2018-11-09,6385.620117,0.0226930390177881
1515,2018-11-10,6409.220215,0.018886256411282
1516,2018-11-11,6411.27002,0.0252563259956343
1517,2018-11-12,6371.27002,0.0229089667905098
1518,2018-11-13,6359.490234,0.0211506845888015
1519,2018-11-14,5738.350098,0.0248082299985541
1520,2018-11-15,5648.029785,0.0275736950443451
1521,2018-11-16,5575.549805,0.0194459478645269
1522,2018-11-17,5554.330078,0.0170060008338132
1523,2018-11-18,5623.540039,0.0186666293954252
1524,2018-11-19,4871.490234,0.0339620996822776
1525,2018-11-20,4451.870117,0.0235955684264805
1526,2018-11-21,4602.169922,0.0323791401065672
1527,2018-11-22,4365.939941,0.0228503849683989
1528,2018-11-23,4347.109863,0.0285082752516354
1529,2018-11-24,3880.76001,0.0261882425380689
1530,2018-11-25,4009.969971,0.0216070366951494
1531,2018-11-26,3779.129883,0.0302222712977379
1532,2018-11-27,3820.719971,0.0384312005002794
1533,2018-11-28,4257.419922,0.0800024336936633
1534,2018-11-29,4278.84668,0.0786620342099053
1535,2018-11-30,4017.268555,0.0442668837392194
1536,2018-12-01,4214.671875,0.0411935653804965
1537,2018-12-02,4139.87793,0.0511183923337928
1538,2018-12-03,3894.130859,0.04230522273436
1539,2018-12-04,3956.893799,0.0443423615355614
1540,2018-12-05,3753.994873,0.0314050858641542
1541,2018-12-06,3521.101807,0.0216933864030102
1542,2018-12-07,3419.937256,0.0385563521494456
1543,2018-12-08,3476.114746,0.0195579565888245
1544,2018-12-09,3614.234375,0.0221602145749873
1545,2018-12-10,3502.656006,0.0271206270791259
1546,2018-12-11,3424.588135,0.0288009831531472
1547,2018-12-12,3486.950195,0.0318192359037278
1548,2018-12-13,3313.677246,0.0435866631381151
1549,2018-12-14,3242.484863,0.0342804917784124
1550,2018-12-15,3236.761719,0.0368234721423444
1551,2018-12-16,3252.839111,0.0282960342864247
1552,2018-12-17,3545.864746,0.0374262303619697
1553,2018-12-18,3696.059082,0.0420478275281335
1554,2018-12-19,3745.950684,0.0299078614644287
1555,2018-12-20,4134.441406,0.0399541006332131
1556,2018-12-21,3896.543701,0.0365600230634442
1557,2018-12-22,4014.182617,0.0213152578377518
1558,2018-12-23,3998.980225,0.0267062231933587
1559,2018-12-24,4078.599121,0.0307723592693998
1560,2018-12-25,3815.490723,0.0243780855152589
1561,2018-12-26,3857.297607,0.0214931825042397
1562,2018-12-27,3654.833496,0.0200010141731464
1563,2018-12-28,3923.918701,0.0277441180077468
1564,2018-12-29,3820.408691,0.027205719531697
1565,2018-12-30,3865.952637,0.0261679040091251
1566,2018-12-31,3742.700439,0.0363462937345954
1567,2019-01-01,3843.52002,0.0218788092624536
1568,2019-01-02,3943.409424,0.0322754135260848
1569,2019-01-03,3836.741211,0.0434394729571135
1570,2019-01-04,3857.717529,0.0376945861524988
1571,2019-01-05,3845.19458,0.0241725255354923
1572,2019-01-06,4076.632568,0.025958966498773
1573,2019-01-07,4025.248291,0.0296378250062134
1574,2019-01-08,4030.8479,0.0364844388955289
1575,2019-01-09,4035.296387,0.0287874106758409
1576,2019-01-10,3678.924561,0.0346274349078138
1577,2019-01-11,3687.365479,0.0333858924893271
1578,2019-01-12,3661.301025,0.0216499403113921
1579,2019-01-13,3552.953125,0.0268812379749879
1580,2019-01-14,3706.052246,0.0332341204694477
1581,2019-01-15,3630.675293,0.0327318826562715
1582,2019-01-16,3655.006836,0.0827482265475722
1583,2019-01-17,3678.563965,0.0788793242367265
1584,2019-01-18,3657.839355,0.0800014052389937
1585,2019-01-19,3728.568359,0.0808436809831346
1586,2019-01-20,3601.013672,0.0776938427489393
1587,2019-01-21,3576.032471,0.0742380794859112
1588,2019-01-22,3604.577148,0.079382838051751
1589,2019-01-23,3585.123047,0.0774049791388545
1590,2019-01-24,3600.865479,0.0789059292432288
1591,2019-01-25,3599.765869,0.0829193646582598
1592,2019-01-26,3602.460449,0.0827341517392643
1593,2019-01-27,3583.96582,0.0836279250948781
1594,2019-01-28,3470.450439,0.0196860370560865
1595,2019-01-29,3448.116943,0.0291838990366008
1596,2019-01-30,3486.181641,0.0205078362891186
1597,2019-01-31,3457.792725,0.0287574632055868
1598,2019-02-01,3487.945313,0.0250708575741553
1599,2019-02-02,3521.060791,0.0220163163895465
1600,2019-02-03,3464.013428,0.0253862727386349
1601,2019-02-04,3459.154053,0.0217873530511198
1602,2019-02-05,3466.357422,0.034441352232083
1603,2019-02-06,3413.767822,0.0339820265321007
1604,2019-02-07,3399.47168,0.0309664120783611
1605,2019-02-08,3666.780273,0.0287275726170986
1606,2019-02-09,3671.203613,0.0204003277155083
1607,2019-02-10,3690.188232,0.0227234334992175
1608,2019-02-11,3648.430664,0.0400555221221697
1609,2019-02-12,3653.528564,0.0676726703443322
1610,2019-02-13,3632.070557,0.0618764142419328
1611,2019-02-14,3616.880859,0.0632235843346954
1612,2019-02-15,3620.810791,0.0582153339136486
1613,2019-02-16,3629.787598,0.0411107349741362
1614,2019-02-17,3673.836182,0.0466416419586596
1615,2019-02-18,3915.714355,0.0671524857481306
1616,2019-02-19,3947.094482,0.058604262527037
1617,2019-02-20,3999.820557,0.049332592185889
1618,2019-02-21,3954.118164,0.0596155617244946
1619,2019-02-22,4005.526611,0.0467251290973707
1620,2019-02-23,4142.526855,0.0478359316574163
1621,2019-02-24,3810.42749,0.0402318623313094
1622,2019-02-25,3882.696289,0.0559630276679138
1623,2019-02-26,3854.35791,0.0541712951532565
1624,2019-02-27,3851.047363,0.0489085048799703
1625,2019-02-28,3854.7854,0.0544432368017629
1626,2019-03-01,3859.58374,0.0461635929519114
1627,2019-03-02,3864.415039,0.0384238446473251
1628,2019-03-03,3847.175781,0.0511816781067225
1629,2019-03-04,3761.557129,0.0383091910448932
1630,2019-03-05,3896.375,0.0461708563720746
1631,2019-03-06,3903.942627,0.046692873653237
1632,2019-03-07,3911.484375,0.0479315660822429
1633,2019-03-08,3901.131592,0.0893678132690217
1634,2019-03-09,3963.313721,0.0307856924847653
1635,2019-03-10,3951.599854,0.0352951297353538
1636,2019-03-11,3905.227295,0.0404792602133673
1637,2019-03-12,3909.15625,0.0546534854946095
1638,2019-03-13,3906.717285,0.0482219070082347
1639,2019-03-14,3924.369141,0.0485939689185747
1640,2019-03-15,3960.911133,0.0448084827428955
1641,2019-03-16,4048.72583,0.0458124558865047
1642,2019-03-17,4025.229004,0.0808818193466149
1643,2019-03-18,4032.507324,0.0742738302753491
1644,2019-03-19,4071.190186,0.0596769096059673
1645,2019-03-20,4087.476318,0.0599695905586094
1646,2019-03-21,4029.326904,0.0569781571645585
1647,2019-03-22,4023.968262,0.0574385501708084
1648,2019-03-23,4035.826416,0.045378374407418
1649,2019-03-24,4022.168213,0.0413426460804707
1650,2019-03-25,3963.070557,0.0374147508482435
1651,2019-03-26,3985.080811,0.051730708520708
1652,2019-03-27,4087.066162,0.0454302461749304
1653,2019-03-28,4069.107178,0.0768546537742685
1654,2019-03-29,4098.374512,0.0503169336786571
1655,2019-03-30,4106.660156,0.0477457921449527
1656,2019-03-31,4105.404297,0.0486752949536396
1657,2019-04-01,4158.183105,0.0627093242348445
1658,2019-04-02,4879.87793,0.0594260352820336
1659,2019-04-03,4973.021973,0.061278273661747
1660,2019-04-04,4922.798828,0.0538394150534527
1661,2019-04-05,5036.681152,0.0511744642071479
1662,2019-04-06,5059.817383,0.0502970564331682
1663,2019-04-07,5198.896973,0.0455649444554695
1664,2019-04-08,5289.770996,0.0778695145576134
1665,2019-04-09,5204.958496,0.0563119222827674
1666,2019-04-10,5324.551758,0.0750411225800583
1667,2019-04-11,5064.487793,0.0587972411382263
1668,2019-04-12,5089.539063,0.0614535405443129
1669,2019-04-13,5096.586426,0.0547866354672081
1670,2019-04-14,5167.722168,0.0453025585512298
1671,2019-04-15,5067.108398,0.0577457503770457
1672,2019-04-16,5235.55957,0.0582442420730988
1673,2019-04-17,5251.937988,0.0567661470254923
1674,2019-04-18,5298.385742,0.0599769893842961
1675,2019-04-19,5303.8125,0.0627281799922909
1676,2019-04-20,5337.88623,0.0743626440783054
1677,2019-04-21,5314.53125,0.0867078302498827
1678,2019-04-22,5399.365234,0.0641859619258056
1679,2019-04-23,5572.362305,0.0705049357819544
1680,2019-04-24,5464.866699,0.0810798976039098
1681,2019-04-25,5210.515625,0.0809763876109695
1682,2019-04-26,5279.348145,0.0671086448752253
1683,2019-04-27,5268.291016,0.0613908265992103
1684,2019-04-28,5285.13916,0.0605251020714737
1685,2019-04-29,5247.352539,0.0796613304317939
1686,2019-04-30,5350.726563,0.0884297528500338
1687,2019-05-01,5402.697266,0.0579030637549382
1688,2019-05-02,5505.283691,0.0675946786476364
1689,2019-05-03,5768.289551,0.0750362590870864
1690,2019-05-04,5831.16748,0.074644874611688
1691,2019-05-05,5795.708496,0.0715853213444206
1692,2019-05-06,5746.807129,0.0717282620039463
1693,2019-05-07,5829.501465,0.0774498121119026
1694,2019-05-08,5982.45752,0.0866262088235684
1695,2019-05-09,6174.528809,0.0866820788611994
1696,2019-05-10,6378.849121,0.0908142845052213
1697,2019-05-11,7204.771484,0.0913885812465003
1698,2019-05-12,6972.371582,0.09531095401598
1699,2019-05-13,7814.915039,0.0887569985527746
1700,2019-05-14,7994.416016,0.0943722746868045
1701,2019-05-15,8205.167969,0.0963216616840624
1702,2019-05-16,7884.90918,0.1076011922075633
1703,2019-05-17,7343.895508,0.0932971338674136
1704,2019-05-18,7271.208008,0.0939662423836754
1705,2019-05-19,8197.689453,0.095476714674965
1706,2019-05-20,7978.309082,0.0897249817039354
1707,2019-05-21,7963.327637,0.0840518615752674
1708,2019-05-22,7680.066406,0.090074098357124
1709,2019-05-23,7881.84668,0.0850346692485672
1710,2019-05-24,7987.371582,0.1038671781283371
1711,2019-05-25,8052.543945,0.0972443931149426
1712,2019-05-26,8673.21582,0.0857177880877833
1713,2019-05-27,8805.77832,0.0888322980151123
1714,2019-05-28,8719.961914,0.0924999963712131
1715,2019-05-29,8659.487305,0.0902917102192319
1716,2019-05-30,8319.472656,0.087784102840794
1717,2019-05-31,8574.501953,0.0905838675087441
1718,2019-06-01,8564.016602,0.1013578250624787
1719,2019-06-02,8742.958008,0.0863116510263238
1720,2019-06-03,8208.995117,0.0850450734967674
1721,2019-06-04,7707.770996,0.0819443977022653
1722,2019-06-05,7824.231445,0.0868836111617134
1723,2019-06-06,7822.023438,0.0907038604200559
1724,2019-06-07,8043.951172,0.0930716035969156
1725,2019-06-08,7954.12793,0.417763617058876
1726,2019-06-09,7688.077148,0.089752976634594
1727,2019-06-10,8000.32959,0.0932341873437787
1728,2019-06-11,7927.714355,0.2304442840233414
1729,2019-06-12,8145.857422,0.0966810742656838
1730,2019-06-13,8230.923828,0.0961843613188418
1731,2019-06-14,8693.833008,0.1291244050900367
1732,2019-06-15,8838.375,0.0863111295138884
1733,2019-06-16,8994.488281,0.086459715604392
1734,2019-06-17,9320.352539,0.3771764262612818
1735,2019-06-18,9081.762695,0.0903036583068334
1736,2019-06-19,9273.521484,0.0904476465396817
1737,2019-06-20,9527.160156,0.1605056320820579
1738,2019-06-21,10144.556641,0.1672657688857589
1739,2019-06-22,10701.691406,0.0648160504806836
1740,2019-06-23,10855.371094,0.097129589412288
1741,2019-06-24,11011.102539,0.231462964419505
1742,2019-06-25,11790.916992,0.0911939596388906
1743,2019-06-26,13016.231445,0.0748502086836685
1744,2019-06-27,11182.806641,0.0774932607979862
1745,2019-06-28,12407.332031,0.0856416091792408
1746,2019-06-29,11959.371094,0.091536676434741
1747,2019-06-30,10817.155273,0.0890547637420754
1748,2019-07-01,10583.134766,0.082205209948954
1749,2019-07-02,10801.677734,0.0843240838909968
1750,2019-07-03,11961.269531,0.0574837946760959
1751,2019-07-04,11215.4375,0.0608877080651308
1752,2019-07-05,10978.459961,0.09007728266302
1753,2019-07-06,11208.550781,0.0933010106370982
1754,2019-07-07,11450.84668,0.0930200435933185
1755,2019-07-08,12285.958008,0.0935916383658935
1756,2019-07-09,12573.8125,0.0914383974221645
1757,2019-07-10,12156.512695,0.0862588367689864
1758,2019-07-11,11358.662109,0.0538666479235998
1759,2019-07-12,11815.986328,0.0831563157797275
1760,2019-07-13,11392.378906,0.0903867607796575
1761,2019-07-14,10256.058594,0.0875123336127199
1762,2019-07-15,10895.089844,0.0857441723151452
1763,2019-07-16,9477.641602,0.0834318884478639
1764,2019-07-17,9693.802734,0.0820756523703287
1765,2019-07-18,10666.482422,0.0819060770677877
1766,2019-07-19,10530.732422,0.0858505425643109
1767,2019-07-20,10767.139648,0.0959741057599462
1768,2019-07-21,10599.105469,0.1115004606774723
1769,2019-07-22,10343.106445,0.1141265550713204
1770,2019-07-23,9900.767578,0.0858253225424082
1771,2019-07-24,9811.925781,0.0828800719892542
1772,2019-07-25,9911.841797,0.0888752381092333
1773,2019-07-26,9870.303711,0.0623486660241127
1774,2019-07-27,9477.677734,0.0849798622003348
1775,2019-07-28,9552.860352,0.1043904004057106
1776,2019-07-29,9519.145508,0.0946943150661013
1777,2019-07-30,9607.423828,0.08945264175403
1778,2019-07-31,10085.62793,0.0909654802500967
1779,2019-08-01,10399.668945,0.092580772924687
1780,2019-08-02,10518.174805,0.0963445475790166
1781,2019-08-03,10821.726563,0.102498713507072
1782,2019-08-04,10970.18457,0.093321066678599
1783,2019-08-05,11805.65332,0.0849678832957397
1784,2019-08-06,11478.168945,0.0863046809751895
1785,2019-08-07,11941.96875,0.0902050504623889
1786,2019-08-08,11966.407227,0.088378305741708
1787,2019-08-09,11862.936523,0.0858050601248022
1788,2019-08-10,11354.024414,0.10190891776143
1789,2019-08-11,11523.579102,0.1053480717032137
1790,2019-08-12,11382.616211,0.1220247382353695
1791,2019-08-13,10895.830078,0.0923136805022004
1792,2019-08-14,10051.704102,0.0823380764229895
1793,2019-08-15,10311.545898,0.086421096121524
1794,2019-08-16,10374.338867,0.0870014991174231
1795,2019-08-17,10231.744141,0.1021248901436492
1796,2019-08-18,10345.810547,0.0926666010351331
1797,2019-08-19,10916.053711,0.0979420267881512
1798,2019-08-20,10763.232422,0.0954807764994988
1799,2019-08-21,10138.049805,0.0862906910526435
1800,2019-08-22,10131.055664,0.0884247417342671
1801,2019-08-23,10407.964844,0.0912488237809126
1802,2019-08-24,10159.960938,0.0943124506115983
1803,2019-08-25,10138.517578,0.0912533760287087
1804,2019-08-26,10370.820313,0.0844748642895215
1805,2019-08-27,10185.5,0.0842370967522095
1806,2019-08-28,9754.422852,0.0794997234451209
1807,2019-08-29,9510.200195,0.0811218251631411
1808,2019-08-30,9598.173828,0.088051057551172
1809,2019-08-31,9630.664063,0.083146989530411
1810,2019-09-01,9757.970703,0.0817889305575116
1811,2019-09-02,10346.760742,0.0750046297179322
1812,2019-09-03,10623.540039,0.0095621846887267
1813,2019-09-04,10594.493164,0.0774203458066848
1814,2019-09-05,10575.533203,0.0778092635044732
1815,2019-09-06,10353.302734,0.0787429224328012
1816,2019-09-07,10517.254883,0.0773629360729597
1817,2019-09-08,10441.276367,0.091838257235179
1818,2019-09-09,10334.974609,0.0934320434279561
1819,2019-09-10,10115.975586,0.089061784384182
1820,2019-09-11,10178.37207,0.0900788060362513
1821,2019-09-12,10410.126953,0.089472752015421
1822,2019-09-13,10360.546875,0.0972399531468633
1823,2019-09-14,10358.048828,0.098695509384227
1824,2019-09-15,10347.712891,0.0975950166763548
1825,2019-09-16,10276.793945,0.0897677902077367
1826,2019-09-17,10241.272461,0.0507322188360829
1827,2019-09-18,10198.248047,0.0886107277741847
1828,2019-09-19,10266.415039,0.0863353801848264
1829,2019-09-20,10181.641602,0.0883400614698139
1830,2019-09-21,10019.716797,0.0842072124306574
1831,2019-09-22,10070.392578,0.0919001204879559
1832,2019-09-23,9729.324219,0.0902122196167262
1833,2019-09-24,8620.566406,0.0823470359693543
1834,2019-09-25,8486.993164,0.092494082780325
1835,2019-09-26,8118.967773,0.091899159754072
1836,2019-09-27,8251.845703,0.0876686346605638
1837,2019-09-28,8245.915039,0.1026929264118396
1838,2019-09-29,8104.185547,0.0954968549707928
1839,2019-09-30,8293.868164,0.0892153181061998
1840,2019-10-01,8343.276367,0.0928684414173852
1841,2019-10-02,8393.041992,0.0922005197124251
1842,2019-10-03,8259.992188,0.0925561976230528
1843,2019-10-04,8205.939453,0.0952088091587168
1844,2019-10-05,8151.500488,0.0916569672678815
1845,2019-10-06,7988.155762,0.0868506533855394
1846,2019-10-07,8245.623047,0.0883370251212917
1847,2019-10-08,8228.783203,0.0846078902684693
1848,2019-10-09,8595.740234,0.0874537702138875
1849,2019-10-10,8586.473633,0.0900551526884298
1850,2019-10-11,8321.756836,0.0932456012343589
1851,2019-10-12,8336.555664,0.1005784826687762
1852,2019-10-13,8321.005859,0.0971346996361188
1853,2019-10-14,8374.686523,0.0974186199765451
1854,2019-10-15,8205.369141,0.0986191904517744
1855,2019-10-16,8047.526855,0.0941906491750551
1856,2019-10-17,8103.911133,0.0978035053267316
1857,2019-10-18,7973.20752,0.0926654252698658
1858,2019-10-19,7988.560547,0.1023155645177419
1859,2019-10-20,8222.078125,0.0978771268965254
1860,2019-10-21,8243.720703,0.0917193531718511
1861,2019-10-22,8078.203125,0.0984236827000112
1862,2019-10-23,7514.671875,0.0857230969974603
1863,2019-10-24,7493.48877,0.0910660874427219
1864,2019-10-25,8660.700195,0.0906912724658798
1865,2019-10-26,9244.972656,0.079679199857895
1866,2019-10-27,9551.714844,0.0967740522231403
1867,2019-10-28,9256.148438,0.0950027897912304
1868,2019-10-29,9427.6875,0.1011226130221319
1869,2019-10-30,9205.726563,0.0995510666203735
1870,2019-10-31,9199.584961,0.1092848332240921
1871,2019-11-01,9261.104492,0.1009425838032817
1872,2019-11-02,9324.717773,0.0965019259460523
1873,2019-11-03,9235.354492,0.0866747425344584
1874,2019-11-04,9412.612305,0.0922076300255808
1875,2019-11-05,9342.527344,0.1011270273381545
1876,2019-11-06,9360.879883,0.0977325330686467
1877,2019-11-07,9267.561523,0.1001581693473527
1878,2019-11-08,8804.880859,0.0890528432093712
1879,2019-11-09,8813.582031,0.0933925819337711
1880,2019-11-10,9055.526367,0.0866213877035431
1881,2019-11-11,8757.788086,0.0863745752025353
1882,2019-11-12,8815.662109,0.0890724161529156
1883,2019-11-13,8808.262695,0.0939086274777796
1884,2019-11-14,8708.094727,0.0944596794224459
1885,2019-11-15,8491.992188,0.0954907329642678
1886,2019-11-16,8550.760742,0.0958209342208366
1887,2019-11-17,8577.975586,0.0881347012614646
1888,2019-11-18,8309.286133,0.0824140613072967
1889,2019-11-19,8206.145508,0.0898496667947377
1890,2019-11-20,8027.268066,0.102092667684103
1891,2019-11-21,7642.75,0.0937165083082302
1892,2019-11-22,7296.577637,0.0816911112598845
1893,2019-11-23,7397.796875,0.09148417985522
1894,2021-02-05,38144.308594,0.1035971490638313
1895,2021-02-06,39266.011719,0.1183783526588327
1896,2021-02-07,38903.441406,0.1556623712504082
1897,2021-02-08,46196.464844,0.1121632607625993
1898,2021-02-09,46481.105469,0.1062607650259522
1899,2021-02-10,44918.183594,0.1087153263942899
1900,2021-02-13,47105.515625,0.108186290063807
1901,2021-02-14,48717.289063,0.1720762657004352
1902,2021-02-15,47945.058594,0.2188022805005517
1903,2021-02-18,51679.796875,0.1062657282644422
1904,2021-02-19,55888.132813,0.0947794768955592
1905,2021-02-22,54207.320313,0.0936440914474824
1906,2021-02-28,45137.769531,0.0973285847184542
1907,2021-03-11,57805.121094,0.0877000573244812
1908,2021-03-12,57332.089844,0.1058279723431125
1909,2021-04-05,59057.878906,0.1084440772747704
1910,2021-04-06,58192.359375,0.1115736459307292
1911,2021-04-07,56048.9375,0.1212072278342742
1912,2021-04-08,58323.953125,0.1311549102325329
1913,2021-04-09,58245.003906,0.0954419287921259
1914,2021-04-10,59793.234375,0.1196636826744499
1915,2021-04-11,60204.964844,0.1270812011286546
1916,2021-04-12,59893.453125,0.1142045213334863
1917,2021-04-17,60683.820313,0.1390172458714125
1918,2021-04-18,56216.183594,0.1053429795846853
1919,2021-04-19,55724.265625,0.1070491845228857
1920,2021-04-20,56473.03125,0.1113891953647594
1921,2021-04-21,53906.089844,0.1014562324662001
1922,2021-04-22,51762.273438,0.1152630809571772
1923,2021-04-23,51093.652344,0.1055277645972825
1924,2021-04-24,50050.867188,0.1238536893956957
1925,2021-05-25,38402.222656,0.1165549307652417
1926,2021-05-26,39294.199219,0.1151593786902563
1927,2021-05-27,38436.96875,0.1325026359822564
1928,2021-05-28,35697.605469,0.1128388695647863
1929,2021-05-29,34616.066406,0.0923897463588611
1930,2021-06-20,35698.296875,0.1682994750511217
1931,2021-06-21,31676.693359,0.1607712552884446
1932,2021-06-22,32505.660156,0.1325997645175415
1933,2021-06-23,33723.027344,0.1494353296837761
1934,2021-07-02,33897.046875,0.1663863472937616
1935,2021-07-03,34668.546875,0.1970306498256872
1936,2021-07-04,35287.78125,0.1878569675911305
1937,2021-07-05,33746.003906,0.1900093687142323
1938,2021-07-16,31421.539063,0.1178746626387158
1939,2021-07-17,31533.068359,0.1727454350824212
1940,2021-07-18,31796.810547,0.2111611384199766
1941,2021-07-19,30817.832031,0.1828910218090148
1942,2021-07-20,29807.347656,0.1419589858371703
1943,2021-07-21,32110.693359,0.1614199631019457
1944,2021-07-22,32313.105469,0.1862739420874662
1945,2021-07-23,33581.550781,0.1853749967834221
1946,2021-07-24,34292.445313,0.173844613193551
1947,2021-07-25,35350.1875,0.1847672391707039
1948,2021-07-26,37337.535156,0.1013732131400565
1949,2021-07-27,39406.941406,0.1676970694558134
1950,2021-07-28,39995.90625,0.1477456975983744
1951,2021-07-29,40008.421875,0.1706256339086611
1952,2021-07-30,42235.546875,0.1451438321545623
1953,2021-08-04,39747.503906,0.1277356915618903
1954,2021-08-05,40869.554688,0.1356372298041592
1955,2021-08-06,42816.5,0.1694744442742528
1956,2021-08-07,44555.800781,0.1428702161812969
1957,2021-08-08,43798.117188,0.1643889296570902
1958,2021-08-09,46365.402344,0.1615640700195632
1959,2021-08-14,47096.945313,0.2111451599710356
1960,2021-08-15,47047.003906,0.1846336960057172
1961,2021-08-16,46004.484375,0.1756670440816262
1962,2021-08-17,44695.359375,0.1993758081952847
1963,2021-08-18,44801.1875,0.2007500691182918
1964,2021-08-19,46717.578125,0.1723350112599857
1965,2021-08-20,49339.175781,0.1683512596633566
1966,2021-08-21,48905.492188,0.1763820381313102
1967,2021-08-23,49546.148438,0.1596528416846643
1968,2021-08-24,47706.117188,0.1794268022937216
1969,2021-08-25,48960.789063,0.1987537431568993
1970,2021-08-26,46942.21875,0.1962732695886674
1971,2021-09-10,44883.910156,0.1679352916709111
1972,2021-10-18,62026.078125,0.1404925972402445
1973,2021-10-19,64261.992188,0.1493031996520982
1974,2021-10-20,65992.835938,0.1245648041941098
1975,2021-10-21,62210.171875,0.1364317288015662
1976,2021-10-22,60692.265625,0.1752379240068997
1977,2021-10-23,61393.617188,0.1701168709106103
1978,2021-10-27,58482.386719,0.1360123745994901
1979,2021-10-28,60622.136719,0.1538407877606568
1980,2021-10-29,62227.964844,0.1659965548640609
1981,2021-11-04,61452.230469,0.1593700531407875
1982,2021-11-05,61125.675781,0.1597299197656403
1983,2021-11-06,61527.480469,0.1657616672836182
1984,2021-11-11,64949.960938,0.1526321357793902
1985,2021-11-12,64155.941406,0.161530681051625
1986,2021-11-18,56942.136719,0.132877350979706
1987,2021-11-19,58119.578125,0.1438636850142037
1988,2021-11-24,56280.425781,0.1359478045472154
1989,2021-11-25,57274.679688,0.2008041311881358
1990,2021-11-26,53569.765625,0.1514327453710469
1991,2021-12-11,49362.507813,0.138155224665382
1992,2021-12-17,46202.144531,0.1638604455012189
1993,2021-12-29,46444.710938,0.1037775842228622
1994,2021-12-30,47178.125,0.1426327808578753
1995,2022-01-11,42735.855469,0.167781865219479
1996,2022-01-12,43949.101563,0.172818473062714
1997,2022-01-13,42591.570313,0.1668641102519275
1998,2022-01-14,43099.699219,0.1776684390984851
1999,2022-01-19,41744.328125,0.1307105260033161
2000,2022-01-20,40680.417969,0.1492418302446877
2001,2022-01-21,36457.316406,0.1364221084804419
2002,2022-01-22,35030.25,0.1443247907174929
2003,2022-02-09,44338.796875,0.1407948904791253
2004,2022-02-14,42586.917969,0.1409478840861032
2005,2022-02-15,44575.203125,0.1363133997572339
2006,2022-02-16,43961.859375,0.1338795350815968
2007,2022-02-17,40538.011719,0.1505181132533367
2008,2022-02-18,40030.976563,0.156504009393211
2009,2022-03-02,43924.117188,0.1383406053325264
2010,2022-03-06,38419.984375,0.1435744611259936
2011,2022-03-07,38062.039063,0.1463917698048676
2012,2022-03-08,38737.269531,0.1396527479675999
2013,2022-03-09,41982.925781,0.1555709257477249
2014,2022-03-10,39437.460938,0.152756803331839
2015,2022-03-14,39666.753906,0.1472288007315655
2016,2022-03-15,39338.785156,0.1666242742201939
2017,2022-03-16,41143.929688,0.1616885391058272
2018,2022-03-17,40951.378906,0.1706505414740038
2019,2022-03-18,41801.15625,0.168300505886484
2020,2022-03-19,42190.652344,0.1952965979496889
2021,2022-03-20,41247.824219,0.1824282003723435
2022,2022-03-21,41077.996094,0.1812657090546109
2023,2022-03-22,42358.808594,0.1282316886593995
2024,2022-03-23,42892.957031,0.1645385831557002
2025,2022-03-24,43960.933594,0.1483465996133549
2026,2022-04-13,41166.730469,0.1582249724751698
2027,2022-04-14,39935.515625,0.1669686851395589
2028,2022-04-15,40553.464844,0.1775057244913974
2029,2022-04-16,40424.484375,0.1844729557973973
2030,2022-04-17,39716.953125,0.1537735016388434
2031,2022-04-18,40826.214844,0.1681999740698788
2032,2022-04-19,41502.75,0.19371969961894
2033,2022-04-20,41374.378906,0.1789213946840987
2034,2022-04-21,40527.363281,0.1623575636217291
2035,2022-04-22,39740.320313,0.1792827988854282
2036,2022-04-27,39241.121094,0.1418350477143583
2037,2022-04-28,39773.828125,0.1472810720783515
2038,2022-04-29,38609.824219,0.1650216993699148
2039,2022-04-30,37714.875,0.1839573397137416
2040,2022-05-01,38469.09375,0.1690721785311892
2041,2022-05-02,38529.328125,0.159270200294724
2042,2022-05-10,31022.90625,0.1397071944765714
2043,2022-05-11,28936.355469,0.1078248430439526
2044,2022-05-12,29047.751953,0.1105393414254003
2045,2022-05-13,29283.103516,0.1329696040515895
2046,2022-05-22,30323.722656,0.1831029309713204
2047,2022-05-23,29098.910156,0.1538557467538686
2048,2022-05-24,29655.585938,0.1408406698019586
2049,2022-05-25,29562.361328,0.1350045103692994
2050,2022-05-26,29267.224609,0.1311760560947198
2051,2022-05-27,28627.574219,0.13119225914505
2052,2022-05-28,28814.900391,0.1337090229193267
2053,2022-05-29,29445.957031,0.1437396194839708
2054,2022-05-30,31726.390625,0.1256280274907923
2055,2022-05-31,31792.310547,0.1268371696765892
2056,2022-06-01,29799.080078,0.1153395525072792
2057,2022-06-02,30467.488281,0.1292144033160912
2058,2022-06-03,29704.390625,0.1313948755330867
2059,2022-06-04,29832.914063,0.1804759498873963
2060,2022-06-14,22206.792969,0.1004964269325197
2061,2022-06-15,22572.839844,0.1029020948949235
2062,2022-06-17,20471.482422,0.0879745666020593
2063,2022-06-18,19017.642578,0.0846346684293592
2064,2022-06-19,20553.271484,0.0959342377403621
2065,2022-06-23,21085.876953,0.1206644235891461
2066,2022-06-24,21231.65625,0.0987504040827088
2067,2022-06-25,21502.337891,0.1216223620085976
2068,2022-06-26,21027.294922,0.1266931787498733
2069,2022-06-28,20280.634766,0.1053148744843317
2070,2022-06-29,20104.023438,0.1154987434889575
2071,2022-07-02,19242.255859,0.1125419608593225
2072,2022-07-03,19297.076172,0.1256239562385733
2073,2022-07-11,19970.556641,0.0927079410847914
2074,2022-07-12,19323.914063,0.0958048227758234
2075,2022-07-13,20212.074219,0.0957806396243764
2076,2022-07-14,20569.919922,0.1203651160939056
2077,2022-07-15,20836.328125,0.1215793746018613
2078,2022-07-16,21190.316406,0.1215165497806109
2079,2022-07-17,20779.34375,0.1110171929471276
2080,2022-08-30,19796.808594,0.1002643372819082
2081,2022-08-31,20049.763672,0.0980212724210508
2082,2022-09-01,20127.140625,0.1032261994477202
2083,2022-09-02,19969.771484,0.1007806171612937
2084,2022-09-03,19832.087891,0.096736281985577
2085,2022-09-04,19986.712891,0.0857657658101466
2086,2022-09-11,21769.255859,0.1046829533313385
2087,2022-09-12,22370.449219,0.109705375686432
2088,2022-09-13,20296.707031,0.0932797584595399
2089,2022-09-14,20241.089844,0.1038893757959638
2090,2022-10-09,19446.425781,0.1115118452624228
2091,2022-10-10,19141.484375,0.1077118162900346
2092,2022-10-11,19051.417969,0.1053063921762536
2093,2022-10-12,19157.445313,0.1051852239354709
2094,2022-10-13,19382.904297,0.1105751023454468
2095,2022-10-14,19185.65625,0.1102724292714398
2096,2022-10-15,19067.634766,0.0999192096620991
2097,2022-11-07,20602.816406,0.1189422503213722
2098,2022-11-08,18541.271484,0.078501603893762
2099,2022-11-09,15880.780273,0.1002047208061728
2100,2022-11-10,17586.771484,0.1174010974405575
2101,2022-11-11,17034.292969,0.0942131017357274
2102,2022-11-13,16353.365234,0.0872896128222188
2103,2022-11-14,16618.199219,0.1142158613686043
2104,2022-11-15,16884.613281,0.1058817160034841
2105,2022-11-16,16669.439453,0.0976292044301792
2106,2022-11-20,16291.832031,0.0732564883677796
2107,2022-11-21,15787.28418,0.0953884512838686
